id,job_title,rating,company_name,location,headquarters,size,founded,type_of_ownership,industry,sector,revenue,competitors,hourly,employer_provided,lower_salary,upper_salary,job_location,age,python,spark,aws,excel,sql_,sas,keras,pytorch,scikit,tensor,hadoop,tableau,bi,flink,mongo,google_an,job_title_sim,seniority_by_title,degree,City,State,estimated_revenue,avg_salary
0,Data Scientist,3.8,Tecolote Research,"Albuquerque, NM","Goleta, Ca",501 - 1000,1973,Company - Private,Aerospace & Defense,Aerospace & Defense,$50 to $100 million (USD),Unknown,0,0,53000,91000,NM,48.0,1,0,0,1,0,1,0,0,0,0,0,1,1,0,0,0,Data Scientist,Other,M,Albuquerque,Nm,500000.0,72000.0
1,Healthcare Data Scientist,3.4,University Of Maryland Medical System,"Linthicum, MD","Baltimore, Md",10000+,1984,Other Organization,Health Care Services & Hospitals,Health Care,$2 to $5 billion (USD),Unknown,0,0,63000,112000,MD,37.0,1,0,0,0,0,0,0,0,0,0,0,0,0,0,0,0,Data Scientist,Other,M,Linthicum,Md,500000.0,87500.0
2,Data Scientist,4.8,Knowbe4,"Clearwater, FL","Clearwater, Fl",501 - 1000,2010,Company - Private,Security Services,Business Services,$100 to $500 million (USD),Unknown,0,0,80000,90000,FL,11.0,1,1,0,1,1,1,0,0,0,0,0,0,0,0,0,0,Data Scientist,Other,M,Clearwater,Fl,500000.0,85000.0
3,Data Scientist,3.8,Pnnl,"Richland, WA","Richland, Wa",1001 - 5000,1965,Government,Energy,"Oil, Gas, Energy & Utilities",$500 million to $1 billion (USD),"Oak Ridge National Laboratory, National Renewable Energy Lab, Los Alamos National Laboratory",0,0,56000,97000,WA,56.0,1,0,0,0,0,0,0,0,0,0,0,0,0,0,0,0,Data Scientist,Other,Unknown,Richland,Wa,500000.0,76500.0
4,Data Scientist,2.9,Affinity Solutions,"New York, NY","New York, Ny",51 - 200,1998,Company - Private,Advertising & Marketing,Business Services,Unknown / Non-Applicable,"Commerce Signals, Cardlytics, Yodlee",0,0,86000,143000,NY,23.0,1,0,0,1,1,1,0,0,0,0,0,0,0,0,0,0,Data Scientist,Other,Unknown,New York,Ny,500000.0,114500.0
5,Data Scientist,3.4,Cyrusone,"Dallas, TX","Dallas, Tx",201 - 500,2000,Company - Public,Real Estate,Real Estate,$1 to $2 billion (USD),"Digital Realty, CoreSite, Equinix",0,0,71000,119000,TX,21.0,1,0,1,1,1,0,0,0,0,0,0,0,1,0,1,0,Data Scientist,Other,Unknown,Dallas,Tx,500000.0,95000.0
6,Data Scientist,4.1,Clearone Advantage,"Baltimore, MD","Baltimore, Md",501 - 1000,2008,Company - Private,Banks & Credit Unions,Finance,Unknown / Non-Applicable,Unknown,0,0,54000,93000,MD,13.0,0,0,0,1,0,0,0,0,0,0,0,0,0,0,0,0,Data Scientist,Other,Unknown,Baltimore,Md,500000.0,73500.0
7,Data Scientist,3.8,Logic20/20,"San Jose, CA","Seattle, Wa",201 - 500,2005,Company - Private,Consulting,Business Services,$25 to $50 million (USD),Unknown,0,0,86000,142000,CA,16.0,1,1,1,1,1,0,0,1,0,1,0,0,0,0,0,0,Data Scientist,Other,M,San Jose,Ca,500000.0,114000.0
8,Research Scientist,3.3,Rochester Regional Health,"Rochester, NY","Rochester, Ny",10000+,2014,Hospital,Health Care Services & Hospitals,Health Care,$500 million to $1 billion (USD),Unknown,0,0,38000,84000,NY,7.0,0,0,0,0,0,0,0,0,0,0,0,0,0,0,0,0,Other Scientist,Other,P,Rochester,Ny,500000.0,61000.0
9,Data Scientist,4.6,Unknown,"New York, NY","New York, Ny",51 - 200,2009,Company - Private,Internet,Information Technology,$100 to $500 million (USD),"Clicktripz, SmarterTravel",0,0,120000,160000,NY,12.0,1,1,0,0,0,0,0,0,0,0,0,0,0,0,0,0,Data Scientist,Other,Unknown,New York,Ny,500000.0,140000.0
10,Data Scientist,3.5,Wish,"San Jose, CA","San Francisco, Ca",501 - 1000,2011,Company - Private,Other Retail Stores,Retail,$1 to $2 billion (USD),Unknown,0,0,126000,201000,CA,10.0,1,0,0,0,0,0,0,0,0,0,0,0,0,0,0,0,Data Scientist,Other,Unknown,San Jose,Ca,500000.0,163500.0
11,Data Scientist,4.1,Mantech,"Chantilly, VA","Herndon, Va",5001 - 10000,1968,Company - Public,Research & Development,Business Services,$1 to $2 billion (USD),Unknown,0,0,64000,106000,VA,53.0,0,0,0,0,1,0,0,0,0,0,1,0,0,0,0,0,Data Scientist,Other,Unknown,Chantilly,Va,500000.0,85000.0
12,Staff Data Scientist - Technology,3.2,Walmart,"Plano, TX","Bentonville, Ar",10000+,1962,Company - Public,"Department, Clothing, & Shoe Stores",Retail,$10+ billion (USD),"Target, Costco Wholesale, Amazon",0,0,106000,172000,TX,59.0,0,0,0,0,1,0,0,0,0,0,1,0,0,0,0,0,Data Scientist,Other,M,Plano,Tx,500000.0,139000.0
13,Data Analyst,4.1,Yesler,"Seattle, WA","Seattle, Wa",201 - 500,2012,Company - Private,Advertising & Marketing,Business Services,Unknown / Non-Applicable,Unknown,0,0,46000,85000,WA,9.0,1,1,1,1,1,0,0,0,0,0,0,1,1,0,0,0,Analyst,Other,Unknown,Seattle,Wa,500000.0,65500.0
14,Data Scientist,3.7,Takeda Pharmaceuticals,"Cambridge, MA","Osaka, Japan",10000+,1781,Company - Public,Biotech & Pharmaceuticals,Biotech & Pharmaceuticals,$10+ billion (USD),"Novartis, Baxter, Pfizer",0,0,83000,144000,MA,240.0,1,1,0,0,1,0,0,0,0,1,0,0,0,0,0,0,Data Scientist,Other,M,Cambridge,Ma,500000.0,113500.0
15,Data Engineer I,3.6,Audible,"Newark, NJ","Newark, Nj",1001 - 5000,1995,Subsidiary Or Business Segment,Motion Picture Production & Distribution,Media,Unknown / Non-Applicable,Unknown,0,0,102000,190000,NJ,26.0,0,0,0,1,0,0,0,0,0,0,0,0,0,0,0,0,Data Engineer,Other,Unknown,Newark,Nj,500000.0,146000.0
16,"Scientist I/Ii, Biology",3.9,Blueprint Medicines,"Cambridge, MA","Cambridge, Ma",51 - 200,2011,Company - Public,Biotech & Pharmaceuticals,Biotech & Pharmaceuticals,$1 to $5 million (USD),"bluebird bio, Agios Pharmaceuticals, Celgene",0,0,67000,137000,MA,10.0,0,0,0,1,0,0,0,0,0,0,0,0,0,0,0,0,Other Scientist,Other,P,Cambridge,Ma,500000.0,102000.0
17,Customer Data Scientist,4.3,H2O.Ai,"Mountain View, CA","Mountain View, Ca",201 - 500,2011,Company - Private,Enterprise Software & Network Solutions,Information Technology,Unknown / Non-Applicable,Unknown,0,0,118000,189000,CA,10.0,1,1,1,1,0,0,0,0,0,0,1,0,0,0,0,0,Data Scientist,Other,M,Mountain View,Ca,500000.0,153500.0
18,Data Scientist - Health Data Analytics,4.2,Nuna,"San Francisco, CA","San Francisco, Ca",51 - 200,2010,Company - Private,Enterprise Software & Network Solutions,Information Technology,Unknown / Non-Applicable,Unknown,0,0,110000,175000,CA,11.0,0,0,0,0,1,0,0,0,0,0,0,0,0,0,0,0,Data Scientist,Other,Unknown,San Francisco,Ca,500000.0,142500.0
19,Data Scientist,4.0,Pinnacol Assurance,"Denver, CO","Denver, Co",501 - 1000,1915,Nonprofit Organization,Insurance Carriers,Insurance,$500 million to $1 billion (USD),Unknown,0,0,64000,111000,CO,106.0,1,0,0,1,1,0,1,1,1,1,0,0,0,0,0,0,Data Scientist,Other,M,Denver,Co,500000.0,87500.0
20,Data Scientist,3.2,Porch,"Seattle, WA","Seattle, Wa",201 - 500,2012,Company - Private,Internet,Information Technology,Unknown / Non-Applicable,"Angie's List, HomeAdvisor, Thumbtack",0,0,81000,130000,WA,9.0,1,1,0,0,1,0,0,0,0,0,0,0,0,0,0,0,Data Scientist,Other,M,Seattle,Wa,500000.0,105500.0
21,Senior Data Scientist / Machine Learning,3.9,Health Iq,"Dallas, TX","Mountain View, Ca",201 - 500,2013,Company - Private,Insurance Agencies & Brokerages,Insurance,Unknown / Non-Applicable,Unknown,0,0,73000,119000,TX,8.0,0,0,0,1,0,0,0,0,0,0,0,0,0,0,0,0,Data Scientist,Sr,P,Dallas,Tx,500000.0,96000.0
22,Data Scientist - Quantitative,3.8,Truckstop.Com,"Chicago, IL","New Plymouth, Id",501 - 1000,1995,Company - Private,Logistics & Supply Chain,Transportation & Logistics,Unknown / Non-Applicable,Unknown,0,0,86000,139000,IL,26.0,1,0,1,1,1,0,0,0,0,0,0,0,0,0,1,0,Data Scientist,Other,M,Chicago,Il,500000.0,112500.0
23,Data Scientist,4.3,Smc 3,"Louisville, KY","Peachtree City, Ga",51 - 200,1935,Nonprofit Organization,Logistics & Supply Chain,Transportation & Logistics,$10 to $25 million (USD),Unknown,0,0,63000,105000,KY,86.0,1,0,0,1,1,0,0,0,0,0,0,1,0,0,0,0,Data Scientist,Other,M,Louisville,Ky,500000.0,84000.0
25,Data Scientist,4.0,Novetta,"Herndon, VA","Mc Lean, Va",501 - 1000,2012,Company - Private,Enterprise Software & Network Solutions,Information Technology,$100 to $500 million (USD),"Leidos, CACI International, Booz Allen Hamilton",0,0,109000,177000,VA,9.0,1,0,1,0,0,0,1,0,0,1,0,0,0,0,0,0,Data Scientist,Other,Unknown,Herndon,Va,500000.0,143000.0
26,Digital Health Data Scientist,4.0,Pfizer,"Cambridge, MA","New York, Ny",10000+,1849,Company - Public,Biotech & Pharmaceuticals,Biotech & Pharmaceuticals,$10+ billion (USD),Unknown,0,0,63000,110000,MA,172.0,1,0,1,1,0,0,0,0,0,0,0,0,0,0,0,0,Data Scientist,Other,Unknown,Cambridge,Ma,500000.0,86500.0
27,Data Scientist,3.5,First Tech Federal Credit Union,"Hillsboro, OR","San Jose, Ca",1001 - 5000,1952,Company - Private,Banks & Credit Unions,Finance,$100 to $500 million (USD),Unknown,0,0,75000,124000,OR,69.0,1,1,1,1,1,0,1,0,1,1,0,1,0,0,0,0,Data Scientist,Other,Unknown,Hillsboro,Or,500000.0,99500.0
28,Associate Data Analyst,3.7,The Hanover Insurance Group,"Worcester, MA","Worcester, Ma",5001 - 10000,1852,Company - Public,Insurance Carriers,Insurance,$5 to $10 billion (USD),Unknown,0,0,34000,61000,MA,169.0,0,0,0,1,0,0,0,0,0,0,0,0,0,0,0,0,Analyst,Other,Unknown,Worcester,Ma,500000.0,47500.0
29,Clinical Data Scientist,4.0,Pfizer,"Groton, CT","New York, Ny",10000+,1849,Company - Public,Biotech & Pharmaceuticals,Biotech & Pharmaceuticals,$10+ billion (USD),Unknown,0,0,63000,105000,CT,172.0,0,0,1,1,0,0,0,0,0,0,0,0,0,0,0,0,Data Scientist,Other,M,Groton,Ct,500000.0,84000.0
30,Data Scientist,4.8,Knowbe4,"Clearwater, FL","Clearwater, Fl",501 - 1000,2010,Company - Private,Security Services,Business Services,$100 to $500 million (USD),Unknown,0,0,80000,90000,FL,11.0,1,1,0,1,1,1,0,0,0,0,0,0,0,0,0,0,Data Scientist,Other,M,Clearwater,Fl,500000.0,85000.0
31,Data Scientist,3.8,Pnnl,"Richland, WA","Richland, Wa",1001 - 5000,1965,Government,Energy,"Oil, Gas, Energy & Utilities",$500 million to $1 billion (USD),"Oak Ridge National Laboratory, National Renewable Energy Lab, Los Alamos National Laboratory",0,0,56000,97000,WA,56.0,1,0,0,0,0,0,0,0,0,0,0,0,0,0,0,0,Data Scientist,Other,Unknown,Richland,Wa,500000.0,76500.0
32,Data Scientist,3.6,Amrock,"Detroit, MI","Detroit, Mi",1001 - 5000,1997,Company - Private,Real Estate,Real Estate,$500 million to $1 billion (USD),Unknown,0,0,72000,120000,MI,24.0,1,0,0,0,1,1,0,0,0,0,0,0,0,0,0,0,Data Scientist,Other,M,Detroit,Mi,500000.0,96000.0
33,Data Scientist / Machine Learning Expert,3.8,Novartis,"Cambridge, MA","Basel, Switzerland",10000+,1996,Company - Public,Biotech & Pharmaceuticals,Biotech & Pharmaceuticals,$10+ billion (USD),Unknown,0,0,86000,143000,MA,25.0,1,0,0,0,0,0,0,1,1,0,0,0,0,0,0,0,Data Scientist,Other,Unknown,Cambridge,Ma,500000.0,114500.0
34,Data Scientist,3.8,Juniper Networks,"Sunnyvale, CA","Sunnyvale, Ca",5001 - 10000,1996,Company - Public,Telecommunications Services,Telecommunications,$2 to $5 billion (USD),Unknown,0,0,93000,149000,CA,25.0,1,1,0,1,1,0,1,0,1,1,0,0,0,0,1,0,Data Scientist,Other,M,Sunnyvale,Ca,500000.0,121000.0
35,Data Scientist,4.7,New England Biolabs,"Ipswich, MA","Ipswich, Ma",201 - 500,1974,Company - Private,Biotech & Pharmaceuticals,Biotech & Pharmaceuticals,Unknown / Non-Applicable,"Thermo Fisher Scientific, Enzymatics, Illumina",0,0,85000,140000,MA,47.0,1,0,0,1,0,0,0,0,0,0,0,0,0,0,0,0,Data Scientist,Other,Unknown,Ipswich,Ma,500000.0,112500.0
36,Web Data Analyst,4.2,Clarity Insights,"San Jose, CA","Chicago, Il",201 - 500,2008,Company - Private,It Services,Information Technology,Unknown / Non-Applicable,Unknown,0,0,77000,135000,CA,13.0,1,0,0,1,1,0,0,0,0,0,0,1,1,0,0,0,Analyst,Other,Unknown,San Jose,Ca,500000.0,106000.0
37,Data Scientist,3.5,Esri,"Redlands, CA","Redlands, Ca",1001 - 5000,1969,Company - Private,Computer Hardware & Software,Information Technology,$1 to $2 billion (USD),Pitney Bowes,0,0,82000,132000,CA,52.0,1,1,1,0,0,0,0,0,0,0,1,1,0,0,1,0,Data Scientist,Other,M,Redlands,Ca,500000.0,107000.0
38,Data Scientist,4.7,Systems & Technology Research,"Woburn, MA","Woburn, Ma",201 - 500,2010,Company - Private,Aerospace & Defense,Aerospace & Defense,$100 to $500 million (USD),Unknown,0,0,83000,137000,MA,11.0,1,1,0,1,1,0,0,1,1,1,1,0,0,0,0,0,Data Scientist,Other,P,Woburn,Ma,500000.0,110000.0
39,Senior Data Scientist,3.5,Sartorius,"Fremont, CA","Gottingen, Germany",5001 - 10000,1870,Company - Public,Biotech & Pharmaceuticals,Biotech & Pharmaceuticals,$1 to $2 billion (USD),Unknown,0,0,115000,180000,CA,151.0,1,0,0,1,0,0,0,0,0,0,0,0,0,0,0,0,Data Scientist,Sr,M,Fremont,Ca,500000.0,147500.0
40,Data Engineer,3.5,Lancer Insurance,"Long Beach, NY","Long Beach, Ny",201 - 500,1985,Company - Private,Insurance Carriers,Insurance,$100 to $500 million (USD),Unknown,0,0,74000,138000,NY,36.0,1,0,0,1,1,0,0,0,0,0,0,0,0,0,0,0,Data Engineer,Other,M,Long Beach,Ny,500000.0,106000.0
41,Data Analyst,4.2,Sauce Labs,"San Francisco, CA","San Francisco, Ca",201 - 500,2008,Company - Private,It Services,Information Technology,$50 to $100 million (USD),"BrowserStack, Selenium Master, Perfecto Mobile",0,0,64000,112000,CA,13.0,1,0,1,1,1,0,0,0,0,0,0,1,0,0,1,0,Analyst,Other,Unknown,San Francisco,Ca,500000.0,88000.0
43,Data Engineer,3.6,Persivia,"Marlborough, MA","Lowell, Ma",Jan-50,1992,Company - Private,Unknown,Unknown,Less than $1 million (USD),Unknown,0,0,68000,129000,MA,29.0,0,0,0,1,1,0,0,0,0,0,0,0,0,0,0,0,Data Engineer,Other,Unknown,Marlborough,Ma,500000.0,98500.0
44,Data Scientist - Algorithms & Inference,4.2,Nuna,"San Francisco, CA","San Francisco, Ca",51 - 200,2010,Company - Private,Enterprise Software & Network Solutions,Information Technology,Unknown / Non-Applicable,Unknown,0,0,110000,175000,CA,11.0,0,0,0,0,0,0,0,0,0,0,0,0,0,0,0,0,Data Scientist,Other,M,San Francisco,Ca,500000.0,142500.0
45,Scientist,3.4,Edgewell Personal Care,"Allendale, NJ","Shelton, Ct",5001 - 10000,2015,Company - Public,Consumer Products Manufacturing,Manufacturing,$2 to $5 billion (USD),"Unilever, Procter & Gamble, Henkel",0,0,52000,113000,NJ,6.0,0,0,1,0,0,0,0,0,0,0,0,0,0,0,0,0,Other Scientist,Other,M,Allendale,Nj,500000.0,82500.0
46,Senior Data Scientist,4.3,Equity Residential,"Chicago, IL","Chicago, Il",1001 - 5000,1993,Company - Public,Real Estate,Real Estate,$2 to $5 billion (USD),"UDR, AvalonBay Communities, Essex Property Trust",0,0,110000,150000,IL,28.0,1,1,0,1,1,0,0,0,1,0,1,1,1,0,0,0,Data Scientist,Sr,M,Chicago,Il,500000.0,130000.0
48,Data Scientist,5.0,Bpa Services,"Washington, DC","Alexandria, Va",Unknown,1992,Company - Private,Enterprise Software & Network Solutions,Information Technology,Unknown / Non-Applicable,Unknown,0,1,150000,160000,DC,29.0,0,0,1,1,0,0,0,0,0,0,0,0,0,0,0,0,Data Scientist,Other,Unknown,Washington,Dc,500000.0,155000.0
49,Lead Data Scientist,3.7,Visa Inc.,"Bellevue, WA","Foster City, Ca",10000+,1958,Company - Public,It Services,Information Technology,$10+ billion (USD),"American Express, Mastercard, Discover",0,0,158000,211000,WA,63.0,1,0,0,1,1,1,0,0,0,0,0,1,0,0,0,0,Data Scientist,Sr,Unknown,Bellevue,Wa,500000.0,184500.0
50,Associate Data Analyst,3.1,Intrado,"Longmont, CO","Omaha, Ne",5001 - 10000,1986,Company - Private,Enterprise Software & Network Solutions,Information Technology,$2 to $5 billion (USD),Unknown,0,0,20000,39000,CO,35.0,0,0,0,1,0,0,0,0,0,0,0,0,0,0,0,0,Analyst,Other,M,Longmont,Co,500000.0,29500.0
51,Spectral Scientist/Engineer,4.7,Centauri,"Beavercreek, OH","Chantilly, Va",501 - 1000,1999,Company - Private,Aerospace & Defense,Aerospace & Defense,$100 to $500 million (USD),"TASC, Vencore, Booz Allen Hamilton",0,0,56000,117000,OH,22.0,0,0,0,0,0,0,0,0,0,0,0,0,0,0,0,0,Other Scientist,Other,M,Beavercreek,Oh,500000.0,86500.0
52,College Hire - Data Scientist - Open To December 2019 Graduates,3.7,Caterpillar,"Peoria, IL","Deerfield, Il",10000+,1925,Company - Public,Industrial Manufacturing,Manufacturing,$10+ billion (USD),"John Deere, Komatsu, CNH Industrial",0,0,63000,99000,IL,96.0,0,0,0,0,0,0,0,0,0,0,0,1,0,0,0,0,Data Scientist,Other,Unknown,Peoria,Il,500000.0,81000.0
54,Data Scientist,3.8,Zimmerman Advertising,"Fort Lauderdale, FL","Fort Lauderdale, Fl",501 - 1000,1984,Subsidiary Or Business Segment,Advertising & Marketing,Business Services,Unknown / Non-Applicable,Unknown,0,0,68000,114000,FL,37.0,1,0,0,1,1,0,0,0,0,0,1,1,0,0,0,0,Data Scientist,Other,Unknown,Fort Lauderdale,Fl,500000.0,91000.0
55,"Data Scientist, Office Of Data Science",3.3,Liberty Mutual Insurance,"Boston, MA","Boston, Ma",10000+,1912,Company - Private,Insurance Carriers,Insurance,$10+ billion (USD),"Travelers, Allstate, State Farm",0,0,86000,143000,MA,109.0,1,0,0,0,0,0,0,0,0,0,0,0,0,0,0,0,Data Scientist,Other,Unknown,Boston,Ma,500000.0,114500.0
56,Data Science Analyst,4.6,"Torch Technologies, Inc.","Huntsville, AL","Huntsville, Al",1001 - 5000,2002,Company - Private,Aerospace & Defense,Aerospace & Defense,$100 to $500 million (USD),Unknown,0,0,41000,95000,AL,19.0,1,0,0,1,0,0,0,0,0,0,0,1,0,0,0,0,Data Scientist,Other,Unknown,Huntsville,Al,500000.0,68000.0
57,Data Scientist,3.7,Swiss Re,"Armonk, NY","Zurich, Switzerland",10000+,1863,Company - Public,Insurance Agencies & Brokerages,Insurance,$10+ billion (USD),"Munich Re, Hannover RE, SCOR",0,0,86000,144000,NY,158.0,1,0,0,1,1,0,0,0,0,0,0,0,0,0,0,0,Data Scientist,Other,M,Armonk,Ny,500000.0,115000.0
58,Data Scientist,3.7,Northrop Grumman,"San Diego, CA","Falls Church, Va",10000+,1939,Company - Public,Aerospace & Defense,Aerospace & Defense,$10+ billion (USD),Unknown,0,0,80000,139000,CA,82.0,0,0,0,1,1,0,0,0,0,0,0,1,0,0,0,0,Data Scientist,Other,Unknown,San Diego,Ca,500000.0,109500.0
59,Data Scientist,3.5,Sartorius,"Albuquerque, NM","Gottingen, Germany",5001 - 10000,1870,Company - Public,Biotech & Pharmaceuticals,Biotech & Pharmaceuticals,$1 to $2 billion (USD),Unknown,0,0,56000,95000,NM,151.0,1,0,0,1,0,0,0,0,0,0,0,0,0,0,0,0,Data Scientist,Other,M,Albuquerque,Nm,500000.0,75500.0
60,Data Scientist,4.1,Netskope,"San Francisco, CA","Santa Clara, Ca",501 - 1000,2012,Company - Private,Enterprise Software & Network Solutions,Information Technology,Unknown / Non-Applicable,"Skyhigh Networks, Zscaler, NortonLifeLock",0,0,120000,189000,CA,9.0,1,1,0,1,0,0,0,0,0,1,0,0,0,1,0,0,Data Scientist,Other,P,San Francisco,Ca,500000.0,154500.0
61,Data Scientist,4.7,1904Labs,"Saint Louis, MO","Saint Louis, Mo",51 - 200,2016,Company - Private,It Services,Information Technology,Unknown / Non-Applicable,"Slalom, Daugherty Business Solutions",0,0,111000,176000,MO,5.0,1,1,0,0,1,0,1,0,1,1,0,0,0,0,0,0,Data Scientist,Other,Unknown,Saint Louis,Mo,500000.0,143500.0
62,Data Scientist,4.1,Clearone Advantage,"Baltimore, MD","Baltimore, Md",501 - 1000,2008,Company - Private,Banks & Credit Unions,Finance,Unknown / Non-Applicable,Unknown,0,0,54000,93000,MD,13.0,0,0,0,1,0,0,0,0,0,0,0,0,0,0,0,0,Data Scientist,Other,Unknown,Baltimore,Md,500000.0,73500.0
63,Data Scientist,3.4,Cyrusone,"Dallas, TX","Dallas, Tx",201 - 500,2000,Company - Public,Real Estate,Real Estate,$1 to $2 billion (USD),"Digital Realty, CoreSite, Equinix",0,0,71000,119000,TX,21.0,1,0,1,1,1,0,0,0,0,0,0,0,1,0,1,0,Data Scientist,Other,Unknown,Dallas,Tx,500000.0,95000.0
65,Senior Data Scientist,4.4,The David J. Joseph Company,"Cincinnati, OH","Cincinnati, Oh",201 - 500,1885,Subsidiary Or Business Segment,Metals Brokers,Mining & Metals,Unknown / Non-Applicable,Unknown,0,0,82000,132000,OH,136.0,1,0,1,0,1,0,0,0,0,0,0,1,1,0,0,0,Data Scientist,Sr,M,Cincinnati,Oh,500000.0,107000.0
66,Data Scientist,4.3,Useready,"New York, NY","New York, Ny",201 - 500,2011,Company - Private,Consulting,Business Services,$10 to $25 million (USD),Unknown,0,0,84000,146000,NY,10.0,1,1,1,0,1,0,0,0,0,0,1,1,0,0,0,0,Data Scientist,Other,Unknown,New York,Ny,500000.0,115000.0
67,Senior Risk Data Scientist,3.8,Bill.Com,"Palo Alto, CA","Palo Alto, Ca",501 - 1000,2006,Company - Public,Financial Transaction Processing,Finance,$50 to $100 million (USD),Unknown,0,0,107000,172000,CA,15.0,0,0,0,0,1,1,0,0,0,0,0,0,0,0,0,0,Data Scientist,Sr,M,Palo Alto,Ca,500000.0,139500.0
68,Data Scientist In Artificial Intelligence Early Career,3.8,Pacific Northwest National Laboratory,"Richland, WA","Richland, Wa",1001 - 5000,1965,Government,Energy,"Oil, Gas, Energy & Utilities",$500 million to $1 billion (USD),"Oak Ridge National Laboratory, National Renewable Energy Lab, Los Alamos National Laboratory",0,0,49000,85000,WA,56.0,0,0,0,0,0,0,0,1,0,1,0,0,0,0,0,0,Data Scientist,Other,M,Richland,Wa,500000.0,67000.0
70,Data Scientist,3.8,Dick'S Sporting Goods - Corporate,"Coraopolis, PA","Coraopolis, Pa",10000+,1948,Company - Public,Sporting Goods Stores,Retail,$5 to $10 billion (USD),"REI, Academy Sports + Outdoors, Cabela's",0,0,61000,109000,PA,73.0,1,0,0,0,1,0,0,1,0,1,0,0,0,0,0,0,Data Scientist,Other,M,Coraopolis,Pa,500000.0,85000.0
72,Data Scientist,2.8,Berg Health,"Framingham, MA","Framingham, Ma",51 - 200,2006,Company - Private,Biotech & Pharmaceuticals,Biotech & Pharmaceuticals,$1 to $5 million (USD),Unknown,0,0,88000,148000,MA,15.0,1,0,0,1,1,0,0,0,0,0,0,0,0,0,0,0,Data Scientist,Other,P,Framingham,Ma,500000.0,118000.0
73,Data Scientist,4.7,Oversight Systems,"Atlanta, GA","Atlanta, Ga",51 - 200,2003,Company - Private,Computer Hardware & Software,Information Technology,$25 to $50 million (USD),Unknown,0,0,60000,99000,GA,18.0,1,0,0,1,1,0,1,1,1,0,0,0,0,0,0,0,Data Scientist,Other,Unknown,Atlanta,Ga,500000.0,79500.0
75,Data Scientist - Research,3.1,C Space,"Boston, MA","Boston, Ma",201 - 500,1999,Company - Public,Advertising & Marketing,Business Services,$100 to $500 million (USD),"IDEO, Gongos, Inc., Ipsos",0,0,41000,72000,MA,22.0,1,0,0,0,1,0,0,0,0,0,0,1,0,0,0,0,Data Scientist,Other,Unknown,Boston,Ma,500000.0,56500.0
76,Data Scientist,3.2,"Numeric, Llc","Philadelphia, PA","Chadds Ford, Pa",Jan-50,1992,Company - Private,Staffing & Outsourcing,Business Services,$5 to $10 million (USD),Unknown,0,0,96000,161000,PA,29.0,1,1,1,0,1,0,0,0,0,0,1,0,0,0,0,0,Data Scientist,Other,Unknown,Philadelphia,Pa,500000.0,128500.0
77,R&D Data Analysis Scientist,4.0,Hp Inc.,"Vancouver, WA","Palo Alto, Ca",10000+,1939,Company - Public,Computer Hardware & Software,Information Technology,Unknown / Non-Applicable,Unknown,0,0,65000,130000,WA,82.0,0,0,0,0,0,0,0,0,0,0,0,0,0,0,0,0,Other Scientist,Other,M,Vancouver,Wa,500000.0,97500.0
78,Analytics Consultant,4.4,Springml,"Indianapolis, IN","Pleasanton, Ca",Jan-50,2015,Company - Private,Enterprise Software & Network Solutions,Information Technology,Unknown / Non-Applicable,Unknown,0,0,52000,81000,IN,6.0,1,0,0,0,0,0,0,0,0,0,0,1,0,0,0,0,Data Analitics,Other,Unknown,Indianapolis,In,500000.0,66500.0
79,"Director, Data Science",3.6,Grainger,"Lake Forest, IL","Lake Forest, Il",10000+,1927,Company - Public,Wholesale,Business Services,$10+ billion (USD),Unknown,0,0,139000,220000,IL,94.0,1,0,0,1,1,1,0,0,0,0,0,0,0,0,0,0,Data Scientist,Other,M,Lake Forest,Il,500000.0,179500.0
80,Scientist,2.7,Eag Laboratories,"Maryland Heights, MO","San Diego, Ca",501 - 1000,1978,Subsidiary Or Business Segment,Research & Development,Business Services,$50 to $100 million (USD),Unknown,0,0,50000,102000,MO,43.0,0,0,0,1,0,0,0,0,0,0,0,0,0,0,0,0,Other Scientist,Other,P,Maryland Heights,Mo,500000.0,76000.0
81,Data Scientist Sr,3.9,The Buffalo Group,"Charlottesville, VA","Reston, Va",501 - 1000,2010,Company - Private,It Services,Information Technology,$100 to $500 million (USD),"ManTech, Booz Allen Hamilton, Leidos",0,0,85000,139000,VA,11.0,1,1,0,0,1,0,0,0,0,0,1,0,0,0,0,0,Data Scientist,Sr,M,Charlottesville,Va,500000.0,112000.0
82,Data Scientist,3.1,Carmeuse,"Pittsburgh, PA","Louvain-La-Neuve, Belgium",1001 - 5000,1860,Company - Private,Mining,Mining & Metals,$1 to $2 billion (USD),"Lhoist, Graymont, Sibelco Group",0,0,74000,122000,PA,161.0,1,0,0,0,0,0,0,0,0,1,0,0,0,0,0,0,Data Scientist,Other,M,Pittsburgh,Pa,500000.0,98000.0
83,R&D Sr Data Scientist,4.0,Hp Inc.,"Vancouver, WA","Palo Alto, Ca",10000+,1939,Company - Public,Computer Hardware & Software,Information Technology,Unknown / Non-Applicable,Unknown,0,0,99000,157000,WA,82.0,0,1,1,0,1,0,0,0,1,1,0,0,0,0,0,0,Data Scientist,Sr,M,Vancouver,Wa,500000.0,128000.0
84,Customer Data Scientist/Sales Engineer (Bay,4.3,H2O.Ai,"Mountain View, CA","Mountain View, Ca",201 - 500,2011,Company - Private,Enterprise Software & Network Solutions,Information Technology,Unknown / Non-Applicable,Unknown,0,0,79000,222000,CA,10.0,1,1,1,1,0,0,1,0,1,1,1,0,0,0,0,0,Data Scientist,Other,P,Mountain View,Ca,500000.0,150500.0
85,Research Scientist,1.9,Gns Healthcare,"Cambridge, MA","Cambridge, Ma",51 - 200,2000,Company - Private,Biotech & Pharmaceuticals,Biotech & Pharmaceuticals,$10 to $25 million (USD),Unknown,0,0,57000,118000,MA,21.0,0,0,1,0,0,0,0,0,0,0,0,0,0,0,0,0,Other Scientist,Other,M,Cambridge,Ma,500000.0,87500.0
86,Data Scientist,3.3,Peraton,"Chantilly, VA","Herndon, Va",1001 - 5000,2017,Company - Private,Aerospace & Defense,Aerospace & Defense,$1 to $2 billion (USD),Unknown,0,0,83000,137000,VA,4.0,1,0,0,1,0,0,0,0,1,0,1,0,0,0,0,0,Data Scientist,Other,Unknown,Chantilly,Va,500000.0,110000.0
87,Data Scientist,4.4,Pactera,"San Jose, CA","Beijing, China",10000+,1995,Company - Private,It Services,Information Technology,$500 million to $1 billion (USD),"Infosys, EPAM, Accenture",0,0,86000,141000,CA,26.0,1,0,0,1,0,0,0,0,0,0,0,0,0,0,0,0,Data Scientist,Other,Unknown,San Jose,Ca,500000.0,113500.0
88,Data Scientist,3.9,Nurx,"San Francisco, CA","San Francisco, Ca",51 - 200,2016,Company - Private,Health Care Services & Hospitals,Health Care,$1 to $5 million (USD),Unknown,0,0,94000,154000,CA,5.0,1,0,0,0,1,0,0,0,0,0,0,0,0,0,0,0,Data Scientist,Other,Unknown,San Francisco,Ca,500000.0,124000.0
89,Jr. Business Data Analyst,4.7,Webfx.Com,"Harrisburg, PA","Harrisburg, Pa",201 - 500,1997,Company - Private,Advertising & Marketing,Business Services,$25 to $50 million (USD),Unknown,0,0,37000,76000,PA,24.0,0,0,0,1,0,0,0,0,0,0,0,0,0,0,0,1,Analyst,Jr,Unknown,Harrisburg,Pa,500000.0,56500.0
90,Data Scientist,4.5,Johns Hopkins University Applied Physics Laboratory,"Laurel, MD","Laurel, Md",5001 - 10000,1942,Nonprofit Organization,Aerospace & Defense,Aerospace & Defense,$1 to $2 billion (USD),"MIT Lincoln Laboratory, Lockheed Martin, Northrop Grumman",0,0,100000,160000,MD,79.0,1,0,0,1,0,0,0,0,0,0,0,0,0,0,0,0,Data Scientist,Other,Unknown,Laurel,Md,500000.0,130000.0
91,Data Analyst,4.3,Productive Edge,"Chicago, IL","Chicago, Il",51 - 200,2008,Company - Private,Computer Hardware & Software,Information Technology,$10 to $25 million (USD),"Numerator, Rise Interactive, Salom",0,0,55000,100000,IL,13.0,0,0,0,1,1,0,0,0,0,0,0,0,0,0,0,0,Analyst,Other,Unknown,Chicago,Il,500000.0,77500.0
92,Data Engineer,4.0,Excella Consulting,"Arlington, VA","Arlington, Va",201 - 500,2002,Company - Private,Consulting,Business Services,$50 to $100 million (USD),Unknown,0,0,60000,114000,VA,19.0,1,0,1,1,1,0,0,0,0,0,0,0,0,0,0,0,Data Engineer,Other,Unknown,Arlington,Va,500000.0,87000.0
93,Data Analyst,4.4,Gensco,"Tacoma, WA","Tacoma, Wa",501 - 1000,1948,Company - Private,Wholesale,Business Services,$100 to $500 million (USD),Unknown,0,0,39000,68000,WA,73.0,0,0,0,1,0,0,0,0,0,0,0,0,0,0,0,0,Analyst,Other,Unknown,Tacoma,Wa,500000.0,53500.0
94,Staff Data Scientist - Technology,3.2,Walmart,"Plano, TX","Bentonville, Ar",10000+,1962,Company - Public,"Department, Clothing, & Shoe Stores",Retail,$10+ billion (USD),"Target, Costco Wholesale, Amazon",0,0,106000,172000,TX,59.0,0,0,0,0,1,0,0,0,0,0,1,0,0,0,0,0,Data Scientist,Other,M,Plano,Tx,500000.0,139000.0
95,Data Scientist,3.8,Logic20/20,"San Jose, CA","Seattle, Wa",201 - 500,2005,Company - Private,Consulting,Business Services,$25 to $50 million (USD),Unknown,0,0,86000,142000,CA,16.0,1,1,1,1,1,0,0,1,0,1,0,0,0,0,0,0,Data Scientist,Other,M,San Jose,Ca,500000.0,114000.0
96,Data Scientist,4.2,Gotrg,"Miami, FL","Miami, Fl",501 - 1000,2008,Company - Private,Enterprise Software & Network Solutions,Information Technology,$100 to $500 million (USD),Unknown,0,0,64000,107000,FL,13.0,1,1,0,1,1,0,0,0,0,0,1,0,0,0,0,0,Data Scientist,Other,Unknown,Miami,Fl,500000.0,85500.0
97,Data Management Specialist,4.5,Nmr Consulting,"Huntsville, AL","Chantilly, Va",51 - 200,1996,Company - Private,It Services,Information Technology,$25 to $50 million (USD),Unknown,0,0,31000,65000,AL,25.0,0,0,0,1,1,0,0,0,0,0,1,0,0,0,0,0,Data Management Specialist,Other,Unknown,Huntsville,Al,500000.0,48000.0
99,E-Commerce Data Analyst,3.5,Iseatz,"New Orleans, LA","New Orleans, La",51 - 200,1999,Company - Private,Enterprise Software & Network Solutions,Information Technology,Unknown / Non-Applicable,Unknown,0,0,34000,62000,LA,22.0,0,0,0,1,1,0,0,0,0,0,0,0,0,0,0,0,Analyst,Other,Unknown,New Orleans,La,500000.0,48000.0
101,Sr. Scientist Ii,3.5,Nektar Therapeutics,"San Francisco, CA","San Francisco, Ca",201 - 500,1990,Company - Public,Biotech & Pharmaceuticals,Biotech & Pharmaceuticals,$100 to $500 million (USD),"Bristol-Myers Squibb, Merck, GlaxoSmithKline",0,0,117000,231000,CA,31.0,0,0,0,1,0,0,0,0,0,0,0,0,0,0,0,0,Other Scientist,Sr,M,San Francisco,Ca,500000.0,174000.0
102,Insurance Data Scientist,3.9,Transunion,"Atlanta, GA","Chicago, Il",5001 - 10000,1968,Company - Public,Financial Analytics & Research,Finance,$1 to $2 billion (USD),Unknown,0,0,64000,106000,GA,53.0,1,1,0,0,1,1,0,0,0,0,0,0,0,0,0,0,Data Scientist,Other,Unknown,Atlanta,Ga,500000.0,85000.0
104,Data Modeler,4.7,It Concepts,"Landover, MD","Vienna, Va",51 - 200,2003,Company - Private,It Services,Information Technology,$10 to $25 million (USD),Unknown,0,0,79000,134000,MD,18.0,0,0,0,0,0,0,0,0,0,0,0,0,0,0,0,0,Data Modeler,Other,Unknown,Landover,Md,500000.0,106500.0
105,Data Analyst / Scientist,4.2,Scientific Research Corporation,"Patuxent River, MD","Atlanta, Ga",1001 - 5000,1988,Company - Private,It Services,Information Technology,$100 to $500 million (USD),Unknown,0,0,52000,93000,MD,33.0,0,0,0,1,0,0,0,0,0,0,0,0,0,0,0,0,Analyst,Other,Unknown,Patuxent River,Md,500000.0,72500.0
106,Scientist,3.4,General Dynamics Information Technology,"Suitland, MD","Fairfax, Va",10000+,1996,Subsidiary Or Business Segment,It Services,Information Technology,$10+ billion (USD),"SAIC, Leidos, Northrop Grumman",0,0,55000,116000,MD,25.0,0,0,0,0,0,0,0,0,0,0,0,0,0,0,0,0,Other Scientist,Other,M,Suitland,Md,500000.0,85500.0
107,Data Scientist,3.2,Mitre,"McLean, VA","Bedford, Ma",5001 - 10000,1958,Nonprofit Organization,Federal Agencies,Government,$1 to $2 billion (USD),"Battelle, General Atomics, SAIC",0,0,72000,123000,VA,63.0,1,0,0,1,1,1,0,0,0,0,0,1,1,0,1,0,Data Scientist,Other,Unknown,Mclean,Va,500000.0,97500.0
108,Data Scientist,3.9,The Buffalo Group,"Fort Belvoir, VA","Reston, Va",501 - 1000,2010,Company - Private,It Services,Information Technology,$100 to $500 million (USD),"ManTech, Booz Allen Hamilton, Leidos",0,0,74000,124000,VA,11.0,1,0,0,1,0,0,0,0,0,0,0,1,0,0,0,0,Data Scientist,Other,Unknown,Fort Belvoir,Va,500000.0,99000.0
109,Data Analyst,3.1,Dentaquest,"Milwaukee, WI","Boston, Ma",1001 - 5000,2001,Company - Private,Insurance Carriers,Insurance,$2 to $5 billion (USD),"MCNA Dental Plans, United Concordia, Delta Dental Plans Association",0,0,40000,73000,WI,20.0,0,0,0,1,1,0,0,0,0,0,0,0,0,0,0,0,Analyst,Other,Unknown,Milwaukee,Wi,500000.0,56500.0
110,Lead Data Scientist,4.1,Redjack,"Silver Spring, MD","Silver Spring, Md",Jan-50,2007,Company - Private,It Services,Information Technology,Unknown / Non-Applicable,Unknown,0,0,102000,164000,MD,14.0,1,0,0,0,0,0,0,0,0,0,0,0,0,0,0,0,Data Scientist,Sr,Unknown,Silver Spring,Md,500000.0,133000.0
112,Data Scientist,3.8,7Park Data,"New York, NY","New York, Ny",51 - 200,2012,Company - Private,Research & Development,Business Services,Unknown / Non-Applicable,Unknown,0,0,89000,153000,NY,9.0,1,1,0,0,0,0,1,1,1,1,0,0,0,0,0,0,Data Scientist,Other,Unknown,New York,Ny,500000.0,121000.0
113,Data Scientist,4.7,Rapid Response Monitoring,"Syracuse, NY","Syracuse, Ny",501 - 1000,1992,Company - Private,Security Services,Business Services,Unknown / Non-Applicable,"COPS Monitoring, National Monitoring Center, Affiliated Monitoring",0,0,61000,110000,NY,29.0,1,0,0,0,1,0,0,0,0,0,0,0,0,0,0,0,Data Scientist,Other,M,Syracuse,Ny,500000.0,85500.0
116,"Data Scientist, Rice University",4.3,Trilogy Ed,"Houston, TX","New York, Ny",1001 - 5000,2015,Subsidiary Or Business Segment,Education Training Services,Education,Unknown / Non-Applicable,"General Assembly, Kaplan University, Ironhack",0,0,65000,110000,TX,6.0,1,0,0,0,1,0,0,0,0,1,0,0,0,0,0,0,Data Scientist,Other,Unknown,Houston,Tx,500000.0,87500.0
117,Senior Data Scientist,4.2,Gallup,"Washington, DC","Washington, Dc",1001 - 5000,1935,Company - Private,Consulting,Business Services,Unknown / Non-Applicable,"Advisory Board, Booz Allen Hamilton, McKinsey & Company",0,0,200000,275000,DC,86.0,1,0,0,1,0,0,0,0,0,0,0,0,0,0,0,0,Data Scientist,Sr,M,Washington,Dc,500000.0,237500.0
118,Data Engineer,3.9,Captech,"Charlotte, NC","Richmond, Va",1001 - 5000,1997,Company - Private,It Services,Information Technology,$100 to $500 million (USD),"Accenture, North Highland, Deloitte",0,0,68000,123000,NC,24.0,1,1,0,0,1,0,0,0,0,0,0,1,0,0,0,0,Data Engineer,Other,M,Charlotte,Nc,500000.0,95500.0
119,Senior Data Scientist,3.3,American Axle & Manufacturing,"Southfield, MI","Detroit, Mi",10000+,1994,Company - Public,Transportation Equipment Manufacturing,Manufacturing,$5 to $10 billion (USD),Unknown,0,0,80000,129000,MI,27.0,1,1,1,1,1,0,0,0,0,0,0,0,1,0,0,0,Data Scientist,Sr,M,Southfield,Mi,500000.0,104500.0
120,Financial Data Analyst,4.7,Centralreach,"Matawan, NJ","Pompano Beach, Fl",201 - 500,2012,Company - Private,Computer Hardware & Software,Information Technology,Unknown / Non-Applicable,"DataFinch Technologies, Accupoint Software Solution, CodeMetro",0,0,41000,72000,NJ,9.0,0,0,0,1,1,0,0,0,0,0,0,1,0,0,0,0,Analyst,Other,Unknown,Matawan,Nj,500000.0,56500.0
122,Senior Data Analyst,4.3,Integrate,"Phoenix, AZ","Phoenix, Az",201 - 500,2010,Company - Private,Enterprise Software & Network Solutions,Information Technology,$25 to $50 million (USD),Unknown,0,0,39000,71000,AZ,11.0,0,0,0,1,1,0,0,0,0,0,0,0,1,0,0,0,Analyst,Sr,Unknown,Phoenix,Az,500000.0,55000.0
123,Research Scientist,2.9,Boys Town Hospital,"Omaha, NE","Omaha, Ne",1001 - 5000,1977,Hospital,Health Care Services & Hospitals,Health Care,Unknown / Non-Applicable,"Nebraska Medicine, Children's Hospital & Medical Center, Methodist Health System - NE and IA",0,0,38000,85000,NE,44.0,0,0,0,1,0,0,0,0,0,0,0,0,0,0,0,0,Other Scientist,Other,P,Omaha,Ne,500000.0,61500.0
124,Data Scientist,4.5,Demandbase,"San Francisco, CA","San Francisco, Ca",201 - 500,2006,Company - Private,Computer Hardware & Software,Information Technology,$100 to $500 million (USD),"Engagio, Bombora, Terminus",0,0,121000,193000,CA,15.0,0,1,1,0,0,0,0,0,0,0,0,0,0,0,0,0,Data Scientist,Other,Unknown,San Francisco,Ca,500000.0,157000.0
125,Data Engineer,3.4,Sapphire Digital,"Lyndhurst, NJ","Lyndhurst, Nj",201 - 500,2019,Company - Private,Internet,Information Technology,Unknown / Non-Applicable,"Zocdoc, Healthgrades",0,0,54000,102000,NJ,2.0,1,0,0,0,1,0,0,0,0,0,0,0,0,0,0,0,Data Engineer,Other,Unknown,Lyndhurst,Nj,500000.0,78000.0
126,Data Scientist,3.7,Takeda Pharmaceuticals,"Cambridge, MA","Osaka, Japan",10000+,1781,Company - Public,Biotech & Pharmaceuticals,Biotech & Pharmaceuticals,$10+ billion (USD),"Novartis, Baxter, Pfizer",0,0,83000,144000,MA,240.0,1,1,0,0,1,0,0,0,0,1,0,0,0,0,0,0,Data Scientist,Other,M,Cambridge,Ma,500000.0,113500.0
127,Data Scientist,4.6,Unknown,"New York, NY","New York, Ny",51 - 200,2009,Company - Private,Internet,Information Technology,$100 to $500 million (USD),"Clicktripz, SmarterTravel",0,0,120000,160000,NY,12.0,1,1,0,0,0,0,0,0,0,0,0,0,0,0,0,0,Data Scientist,Other,Unknown,New York,Ny,500000.0,140000.0
128,Data Scientist,3.2,Formation,"San Francisco, CA","San Francisco, Ca",51 - 200,2015,Company - Private,Enterprise Software & Network Solutions,Information Technology,Unknown / Non-Applicable,Unknown,0,0,102000,163000,CA,6.0,0,1,0,1,0,0,0,0,0,1,0,0,0,0,0,0,Data Scientist,Other,M,San Francisco,Ca,500000.0,132500.0
129,Data Engineer,4.0,Autodesk,"San Francisco, CA","San Rafael, Ca",5001 - 10000,1982,Company - Public,Computer Hardware & Software,Information Technology,$2 to $5 billion (USD),Unknown,0,0,76000,140000,CA,39.0,1,1,0,0,1,0,0,0,0,0,1,0,0,0,0,0,Data Engineer,Other,M,San Francisco,Ca,500000.0,108000.0
130,Ag Data Scientist,4.6,Beck'S Hybrids,"Atlanta, IN","Atlanta, In",501 - 1000,1937,Company - Private,Farm Support Services,Agriculture & Forestry,$50 to $100 million (USD),Unknown,0,0,60000,101000,IN,84.0,0,0,0,0,0,0,0,0,0,0,0,0,0,0,0,0,Data Scientist,Other,Unknown,Atlanta,In,500000.0,80500.0
131,Data Scientist,2.8,Drfirst,"Rockville, MD","Rockville, Md",201 - 500,2000,Company - Private,Health Care Services & Hospitals,Health Care,Unknown / Non-Applicable,Unknown,0,0,82000,133000,MD,21.0,1,0,0,0,0,0,0,0,0,0,0,0,0,0,0,0,Data Scientist,Other,M,Rockville,Md,500000.0,107500.0
132,Data Engineer,4.7,Object Partners,"Minneapolis, MN","Minneapolis, Mn",51 - 200,1996,Company - Private,Consulting,Business Services,$25 to $50 million (USD),"Solution Design Group, Intertech (Minnesota)",0,0,65000,125000,MN,25.0,0,1,1,0,1,0,0,0,0,0,1,0,0,1,0,0,Data Engineer,Other,Unknown,Minneapolis,Mn,500000.0,95000.0
136,Data Scientist Ii,3.0,L.A. Care Health Plan,"Los Angeles, CA","Los Angeles, Ca",1001 - 5000,1997,Nonprofit Organization,Health Care Services & Hospitals,Health Care,Unknown / Non-Applicable,"Health Net, Kaiser Permanente, Molina Healthcare",0,0,91000,148000,CA,24.0,1,1,0,0,1,1,0,0,0,0,0,1,0,0,0,0,Data Scientist,Other,M,Los Angeles,Ca,500000.0,119500.0
137,Senior Data Engineer,3.2,Red Ventures,"Charlotte, NC","Fort Mill, Sc",1001 - 5000,2000,Company - Private,Advertising & Marketing,Business Services,$1 to $2 billion (USD),"Clearlink, Credit Karma, LendingTree",0,0,95000,173000,NC,21.0,0,1,1,0,1,0,0,0,0,0,0,0,0,0,0,0,Data Engineer,Sr,Unknown,Charlotte,Nc,500000.0,134000.0
138,Data Scientist,4.4,Quick Base,"Cambridge, MA","Cambridge, Ma",201 - 500,1999,Company - Private,Enterprise Software & Network Solutions,Information Technology,Unknown / Non-Applicable,Unknown,0,0,77000,124000,MA,22.0,1,0,0,1,1,0,0,0,1,0,0,1,1,0,0,0,Data Scientist,Other,Unknown,Cambridge,Ma,500000.0,100500.0
139,Data Scientist,3.5,The E.W. Scripps Company,"Cincinnati, OH","Cincinnati, Oh",1001 - 5000,1878,Company - Public,Tv Broadcast & Cable Networks,Media,$500 million to $1 billion (USD),Unknown,0,0,80000,135000,OH,143.0,1,0,0,0,1,0,0,0,0,0,0,1,0,0,0,0,Data Scientist,Other,M,Cincinnati,Oh,500000.0,107500.0
140,Data Engineer,4.0,Upside Business Travel,"Washington, DC","Washington, Dc",51 - 200,2015,Company - Private,Internet,Information Technology,Unknown / Non-Applicable,Unknown,0,0,85000,159000,DC,6.0,1,1,1,0,1,0,0,0,0,0,0,0,0,0,0,0,Data Engineer,Other,Unknown,Washington,Dc,500000.0,122000.0
141,Data Engineer,4.3,Equity Residential,"Chicago, IL","Chicago, Il",1001 - 5000,1993,Company - Public,Real Estate,Real Estate,$2 to $5 billion (USD),"UDR, AvalonBay Communities, Essex Property Trust",0,0,80000,105000,IL,28.0,1,1,0,1,1,0,0,0,0,0,1,0,0,0,1,0,Data Engineer,Other,Unknown,Chicago,Il,500000.0,92500.0
142,Data Analyst,2.3,Synagro,"Baltimore, MD","Baltimore, Md",501 - 1000,1986,Company - Private,Research & Development,Business Services,$100 to $500 million (USD),Unknown,0,0,43000,81000,MD,35.0,0,0,0,1,1,0,0,0,0,0,0,0,0,0,0,0,Analyst,Other,Unknown,Baltimore,Md,500000.0,62000.0
143,Project Scientist,4.0,Alliance Source Testing,"Alabaster, AL","Decatur, Al",51 - 200,2000,Other Organization,Architectural & Engineering Services,Business Services,$25 to $50 million (USD),Unknown,0,0,29000,50000,AL,21.0,0,0,0,0,0,0,0,0,0,0,0,0,0,0,0,0,Other Scientist,Other,Unknown,Alabaster,Al,500000.0,39500.0
145,Data Scientist,3.6,Accuride International,"Santa Fe Springs, Los Angeles, CA","Santa Fe Springs, Ca",1001 - 5000,1966,Company - Private,Industrial Manufacturing,Manufacturing,$100 to $500 million (USD),Unknown,0,0,82000,133000,CA,55.0,0,0,0,1,0,0,0,0,0,0,0,1,0,0,0,1,Data Scientist,Other,M,Santa Fe Springs,"Los Angeles, Ca",500000.0,107500.0
146,Data Analytics Manager,3.8,Full Potential Solutions,"Kansas City, MO","Kansas City, Mo",501 - 1000,2017,Company - Private,Staffing & Outsourcing,Business Services,Unknown / Non-Applicable,Unknown,0,0,26000,55000,MO,4.0,1,0,1,1,1,0,0,0,0,0,0,1,0,0,0,0,Data Scientist Project Manager,Other,Unknown,Kansas City,Mo,500000.0,40500.0
147,Senior Machine Learning (Ml) Engineer / Data Scientist - Cyber Security Analytics,3.7,Visa Inc.,"Ashburn, VA","Foster City, Ca",10000+,1958,Company - Public,It Services,Information Technology,$10+ billion (USD),"American Express, Mastercard, Discover",0,0,61000,118000,VA,63.0,1,1,0,0,1,0,0,0,0,0,1,1,0,0,0,0,Data Scientist,Sr,M,Ashburn,Va,500000.0,89500.0
148,Data Scientist,4.4,Maven Wave Partners,"Chicago, IL","Chicago, Il",201 - 500,2008,Company - Private,Consulting,Business Services,$50 to $100 million (USD),Unknown,0,0,60000,102000,IL,13.0,1,0,1,1,1,0,0,0,0,0,1,1,0,0,0,0,Data Scientist,Other,Unknown,Chicago,Il,500000.0,81000.0
150,Senior Data Scientist,4.0,Novetta,"Herndon, VA","Mc Lean, Va",501 - 1000,2012,Company - Private,Enterprise Software & Network Solutions,Information Technology,$100 to $500 million (USD),"Leidos, CACI International, Booz Allen Hamilton",0,0,112000,182000,VA,9.0,1,0,1,0,0,0,1,0,0,1,0,0,0,0,0,0,Data Scientist,Sr,Unknown,Herndon,Va,500000.0,147000.0
152,Data Scientist,3.2,"First Command Financial Services, Inc.","Fort Worth, TX","Fort Worth, Tx",1001 - 5000,1958,Company - Private,Brokerage Services,Finance,$100 to $500 million (USD),"USAA, Navy Federal Credit Union, Raymond James Financial",0,0,64000,106000,TX,63.0,1,0,0,1,1,1,0,0,0,0,0,1,1,0,0,0,Data Scientist,Other,Unknown,Fort Worth,Tx,500000.0,85000.0
153,Associate Scientist,2.9,Pharmavite,"Valencia, CA","West Hills, Ca",1001 - 5000,1971,Company - Private,Consumer Products Manufacturing,Manufacturing,$1 to $2 billion (USD),"The Nature's Bounty Co., Schiff Nutrition International",0,0,51000,112000,CA,50.0,0,0,0,1,0,0,0,0,0,0,0,0,0,0,0,0,Other Scientist,Other,M,Valencia,Ca,500000.0,81500.0
154,"Scientist 2, Qc Viral Vector",3.8,Biomarin Pharmaceutical,"Novato, CA","San Rafael, Ca",1001 - 5000,1997,Company - Public,Biotech & Pharmaceuticals,Biotech & Pharmaceuticals,$500 million to $1 billion (USD),"Genentech, Ultragenyx Pharmaceutical, Gilead Sciences",0,0,113000,223000,CA,24.0,0,0,0,1,0,0,0,0,0,0,0,0,0,0,0,0,Other Scientist,Other,P,Novato,Ca,500000.0,168000.0
156,Machine Learning Engineer,4.3,Stratagem Group,"Aurora, CO","Aurora, Co",Jan-50,2007,Company - Private,Aerospace & Defense,Aerospace & Defense,Unknown / Non-Applicable,Unknown,0,0,72000,129000,CO,14.0,1,1,1,1,1,0,0,0,0,1,1,0,0,0,0,0,Machine Learning Engineer,Other,Unknown,Aurora,Co,500000.0,100500.0
157,Data Scientist/Ml Engineer,3.4,Pa Consulting,"New York, NY","London, United Kingdom",1001 - 5000,1943,Company - Private,Consulting,Business Services,$100 to $500 million (USD),"McKinsey & Company, Accenture, Deloitte",0,0,71000,123000,NY,78.0,1,1,0,1,1,0,0,0,0,0,1,1,0,0,1,0,Data Scientist,Other,M,New York,Ny,500000.0,97000.0
158,Data Scientist,4.1,Mantech,"Chantilly, VA","Herndon, Va",5001 - 10000,1968,Company - Public,Research & Development,Business Services,$1 to $2 billion (USD),Unknown,0,0,64000,106000,VA,53.0,0,0,0,0,1,0,0,0,0,0,1,0,0,0,0,0,Data Scientist,Other,Unknown,Chantilly,Va,500000.0,85000.0
159,Customer Data Scientist,4.3,H2O.Ai,"Mountain View, CA","Mountain View, Ca",201 - 500,2011,Company - Private,Enterprise Software & Network Solutions,Information Technology,Unknown / Non-Applicable,Unknown,0,0,118000,189000,CA,10.0,1,1,1,1,0,0,0,0,0,0,1,0,0,0,0,0,Data Scientist,Other,M,Mountain View,Ca,500000.0,153500.0
161,Data Engineer,5.0,Gridiron It,"Tampa, FL","Reston, Va",51 - 200,2017,Company - Private,It Services,Information Technology,Unknown / Non-Applicable,Unknown,0,1,120000,145000,FL,4.0,0,0,0,0,0,0,0,0,0,0,0,0,0,0,0,0,Data Engineer,Other,Unknown,Tampa,Fl,500000.0,132500.0
162,Data Engineer,4.3,Productive Edge,"Chicago, IL","Chicago, Il",51 - 200,2008,Company - Private,Computer Hardware & Software,Information Technology,$10 to $25 million (USD),"Numerator, Rise Interactive, Salom",0,0,80000,120000,IL,13.0,0,1,0,1,1,0,0,0,0,0,0,0,0,0,0,0,Data Engineer,Other,Unknown,Chicago,Il,500000.0,100000.0
164,Sr. Data Scientist,3.7,Evolve Vacation Rental,"Denver, CO","Denver, Co",201 - 500,2011,Company - Private,Travel Agencies,Travel & Tourism,Unknown / Non-Applicable,Unknown,0,0,80000,130000,CO,10.0,1,0,0,0,1,0,0,0,0,0,0,0,0,0,0,0,Data Scientist,Sr,M,Denver,Co,500000.0,105000.0
166,Data Engineer 4 - Contract,4.2,The Church Of Jesus Christ Of Latter-Day Saints,"Riverton, UT","Salt Lake City, Ut",10000+,1992,Nonprofit Organization,Religious Organizations,Non-Profit,Unknown / Non-Applicable,Unknown,0,0,59000,115000,UT,29.0,0,0,1,1,0,0,0,0,0,0,0,0,0,0,0,0,Data Engineer,Other,M,Riverton,Ut,500000.0,87000.0
167,Data Analyst - Asset Management,4.3,Maximus Real Estate Partners,"San Francisco, CA","San Francisco, Ca",51 - 200,2013,Company - Private,Real Estate,Real Estate,Unknown / Non-Applicable,"Greystar, The Related Companies, Prometheus Real Estate Group",0,0,71000,136000,CA,8.0,0,0,0,1,1,0,0,0,0,0,0,0,0,0,0,0,Analyst,Other,Unknown,San Francisco,Ca,500000.0,103500.0
168,Senior Research Scientist - Embedded System Development For Devops,2.6,Software Engineering Institute,"Pittsburgh, PA","Pittsburgh, Pa",501 - 1000,1984,College / University,Colleges & Universities,Education,Unknown / Non-Applicable,Unknown,0,0,81000,167000,PA,37.0,1,0,0,1,0,0,0,0,0,0,0,0,0,0,0,0,Other Scientist,Sr,M,Pittsburgh,Pa,500000.0,124000.0
169,Data Scientist - Bioinformatics,3.8,Pnnl,"Richland, WA","Richland, Wa",1001 - 5000,1965,Government,Energy,"Oil, Gas, Energy & Utilities",$500 million to $1 billion (USD),"Oak Ridge National Laboratory, National Renewable Energy Lab, Los Alamos National Laboratory",0,0,49000,85000,WA,56.0,1,0,0,0,0,0,0,0,0,0,0,0,0,0,0,0,Data Scientist,Other,P,Richland,Wa,500000.0,67000.0
170,Data Engineer,3.9,Avanade,"Washington, DC","Seattle, Wa",10000+,2000,Company - Private,It Services,Information Technology,$2 to $5 billion (USD),"Slalom, Cognizant Technology Solutions, Deloitte",0,0,60000,114000,DC,21.0,0,0,0,0,0,0,0,0,0,0,0,0,0,0,0,0,Data Engineer,Other,M,Washington,Dc,500000.0,87000.0
171,Customer Data Scientist/Sales Engineer,4.3,H2O.Ai,"Chicago, IL","Mountain View, Ca",201 - 500,2011,Company - Private,Enterprise Software & Network Solutions,Information Technology,Unknown / Non-Applicable,Unknown,0,0,71000,204000,IL,10.0,1,1,1,1,0,0,1,0,1,1,1,0,0,0,0,0,Data Scientist,Other,P,Chicago,Il,500000.0,137500.0
172,Lead Data Scientist,3.8,Patientpoint,"Cincinnati, OH","Cincinnati, Oh",201 - 500,1987,Company - Private,Advertising & Marketing,Business Services,$100 to $500 million (USD),"Outcome Health, Health Media Network, Mesmerize Marketing",0,0,75000,125000,OH,34.0,1,0,0,1,1,0,0,0,1,0,0,0,1,0,0,0,Data Scientist,Sr,M,Cincinnati,Oh,500000.0,100000.0
174,Mongodb Data Engineer Ii,3.8,Bluecross Blueshield Of Tennessee,"Chattanooga, TN","Chattanooga, Tn",5001 - 10000,1945,Nonprofit Organization,Insurance Carriers,Insurance,$5 to $10 billion (USD),Unknown,0,0,77000,136000,TN,76.0,0,0,0,1,1,1,0,0,0,0,0,1,0,0,1,0,Data Engineer,Other,Unknown,Chattanooga,Tn,500000.0,106500.0
175,Senior Data Scientist Statistics,3.8,Pnnl,"Richland, WA","Richland, Wa",1001 - 5000,1965,Government,Energy,"Oil, Gas, Energy & Utilities",$500 million to $1 billion (USD),"Oak Ridge National Laboratory, National Renewable Energy Lab, Los Alamos National Laboratory",0,0,74000,123000,WA,56.0,0,0,0,0,0,0,0,0,0,0,0,0,0,0,0,0,Data Scientist,Sr,P,Richland,Wa,500000.0,98500.0
177,Senior Data Analyst,4.8,Knowbe4,"Clearwater, FL","Clearwater, Fl",501 - 1000,2010,Company - Private,Security Services,Business Services,$100 to $500 million (USD),Unknown,0,0,44000,78000,FL,11.0,1,0,0,1,1,0,0,0,0,0,0,0,0,0,0,0,Analyst,Sr,M,Clearwater,Fl,500000.0,61000.0
178,Senior Spark Engineer (Data Science),4.4,Ksm Consulting,"Indianapolis, IN","Indianapolis, In",51 - 200,2008,Company - Private,Consulting,Business Services,Unknown / Non-Applicable,Unknown,0,0,65000,148000,IN,13.0,1,1,1,0,1,0,0,0,0,0,0,0,0,0,1,0,Data Scientist,Sr,Unknown,Indianapolis,In,500000.0,106500.0
179,Data Engineer,3.9,Cogo Labs,"Cambridge, MA","Cambridge, Ma",51 - 200,2005,Company - Private,Internet,Information Technology,Unknown / Non-Applicable,Unknown,0,0,59000,110000,MA,16.0,1,1,0,0,1,0,0,0,0,0,0,0,0,0,0,0,Data Engineer,Other,Unknown,Cambridge,Ma,500000.0,84500.0
180,Bi & Platform Analytics Manager,3.4,Church & Dwight,"Ewing, NJ","Ewing, Nj",1001 - 5000,1846,Company - Public,Consumer Products Manufacturing,Manufacturing,$2 to $5 billion (USD),Unknown,0,0,85000,134000,NJ,175.0,1,0,0,1,0,0,0,0,0,0,0,1,1,0,0,0,Data Scientist Project Manager,Other,M,Ewing,Nj,500000.0,109500.0
181,Lead Data Scientist,3.6,Massmutual,"Boston, MA","Springfield, Ma",5001 - 10000,1851,Company - Private,Insurance Carriers,Insurance,$10+ billion (USD),Unknown,0,0,124000,204000,MA,170.0,1,1,1,0,1,0,0,0,1,0,1,0,0,0,0,0,Data Scientist,Sr,P,Boston,Ma,500000.0,164000.0
182,"Sr. Data Scientist - Analytics, Personalized Healthcare (Phc)",3.9,Genentech,"South San Francisco, CA","South San Francisco, Ca",10000+,1976,Subsidiary Or Business Segment,Biotech & Pharmaceuticals,Biotech & Pharmaceuticals,$10+ billion (USD),Unknown,0,0,131000,207000,CA,45.0,1,1,0,1,1,0,0,0,0,0,1,0,0,0,0,0,Data Scientist,Sr,P,South San Francisco,Ca,500000.0,169000.0
183,Senior Data Scientist,3.8,Juniper Networks,"Cupertino, CA","Sunnyvale, Ca",5001 - 10000,1996,Company - Public,Telecommunications Services,Telecommunications,$2 to $5 billion (USD),Unknown,0,0,110000,174000,CA,25.0,1,1,1,1,0,0,0,0,1,1,0,0,0,1,0,0,Data Scientist,Sr,P,Cupertino,Ca,500000.0,142000.0
185,Pricipal Scientist Molecular And Cellular Biologist,3.7,Takeda Pharmaceuticals,"Boston, MA","Osaka, Japan",10000+,1781,Company - Public,Biotech & Pharmaceuticals,Biotech & Pharmaceuticals,$10+ billion (USD),"Novartis, Baxter, Pfizer",0,0,52000,101000,MA,240.0,0,0,0,1,0,0,0,0,0,0,0,0,0,0,0,0,Other Scientist,Other,P,Boston,Ma,500000.0,76500.0
187,"Data Scientist (Actuary, Fsa Or Asa)",3.8,Legal & General America,"Frederick, MD","Frederick, Md",501 - 1000,1981,Company - Private,Insurance Carriers,Insurance,$500 million to $1 billion (USD),Unknown,0,0,81000,133000,MD,40.0,1,0,0,1,1,0,0,0,0,0,0,1,0,0,0,0,Data Scientist,Other,M,Frederick,Md,500000.0,107000.0
188,Staff Data Scientist,3.5,Western Digital,"San Jose, CA","San Jose, Ca",10000+,1970,Company - Public,Computer Hardware & Software,Information Technology,$10+ billion (USD),"Seagate Technology, Toshiba",0,0,132000,211000,CA,51.0,1,0,1,0,1,0,0,0,0,0,1,0,0,0,0,0,Data Scientist,Other,M,San Jose,Ca,500000.0,171500.0
190,Senior Data Scientist / Machine Learning,3.9,Health Iq,"Dallas, TX","Mountain View, Ca",201 - 500,2013,Company - Private,Insurance Agencies & Brokerages,Insurance,Unknown / Non-Applicable,Unknown,0,0,73000,119000,TX,8.0,0,0,0,1,0,0,0,0,0,0,0,0,0,0,0,0,Data Scientist,Sr,P,Dallas,Tx,500000.0,96000.0
191,Data Scientist - Health Data Analytics,4.2,Nuna,"San Francisco, CA","San Francisco, Ca",51 - 200,2010,Company - Private,Enterprise Software & Network Solutions,Information Technology,Unknown / Non-Applicable,Unknown,0,0,110000,175000,CA,11.0,0,0,0,0,1,0,0,0,0,0,0,0,0,0,0,0,Data Scientist,Other,Unknown,San Francisco,Ca,500000.0,142500.0
192,Data Engineer 5 - Contract (Remote),4.2,The Church Of Jesus Christ Of Latter-Day Saints,"Riverton, UT","Salt Lake City, Ut",10000+,1992,Nonprofit Organization,Religious Organizations,Non-Profit,Unknown / Non-Applicable,Unknown,0,0,74000,140000,UT,29.0,0,0,0,1,0,0,0,0,0,0,0,0,0,0,0,0,Data Engineer,Other,M,Riverton,Ut,500000.0,107000.0
193,Senior Scientist - Neuroscience,3.5,Sunovion,"Marlborough, MA","Marlborough, Ma",1001 - 5000,2010,Company - Private,Biotech & Pharmaceuticals,Biotech & Pharmaceuticals,$1 to $2 billion (USD),"Shire, GlaxoSmithKline, Allergan",0,0,100000,190000,MA,11.0,1,0,0,1,0,0,0,0,0,0,0,0,0,0,0,0,Other Scientist,Sr,P,Marlborough,Ma,500000.0,145000.0
194,Senior Data Analyst,2.9,National Student Clearinghouse,"Herndon, VA","Herndon, Va",201 - 500,1993,Nonprofit Organization,Colleges & Universities,Education,$25 to $50 million (USD),"Ellucian, Parchment, College Board",0,0,43000,80000,VA,28.0,1,0,0,1,1,0,0,0,0,0,0,1,1,0,0,0,Analyst,Sr,M,Herndon,Va,500000.0,61500.0
197,Medical Lab Scientist,3.6,Tower Health,"West Reading, PA","Reading, Pa",5001 - 10000,2017,Nonprofit Organization,Health Care Services & Hospitals,Health Care,Unknown / Non-Applicable,Unknown,1,0,35000,49000,PA,4.0,0,0,0,0,0,0,0,0,0,0,0,0,0,0,0,0,Other Scientist,Other,Unknown,West Reading,Pa,500000.0,42000.0
198,"Risk And Analytics It, Data Scientist",2.7,State Of Wisconsin Investment Board,"Madison, WI","Madison, Wi",51 - 200,1951,Government,Investment Banking & Asset Management,Finance,$50 to $100 million (USD),Unknown,0,0,91000,149000,WI,70.0,1,0,0,0,1,0,0,0,0,0,0,1,1,0,0,0,Data Scientist,Other,Unknown,Madison,Wi,500000.0,120000.0
199,"Scientist, Analytical Development",4.4,Rubius Therapeutics,"Cambridge, MA","Cambridge, Ma",201 - 500,2013,Company - Public,Biotech & Pharmaceuticals,Biotech & Pharmaceuticals,$100 to $500 million (USD),Unknown,0,0,42000,82000,MA,8.0,0,0,0,0,0,0,0,0,0,0,0,0,0,0,0,0,Other Scientist,Other,P,Cambridge,Ma,500000.0,62000.0
200,Senior Data Scientist,4.0,Autodesk,"San Francisco, CA","San Rafael, Ca",5001 - 10000,1982,Company - Public,Computer Hardware & Software,Information Technology,$2 to $5 billion (USD),Unknown,0,0,116000,185000,CA,39.0,1,1,0,0,1,1,0,0,1,1,1,0,0,0,0,0,Data Scientist,Sr,P,San Francisco,Ca,500000.0,150500.0
201,Analytics Manager,4.3,Onemagnify,"Dearborn, MI","Detroit, Mi",201 - 500,1967,Company - Private,Advertising & Marketing,Business Services,Unknown / Non-Applicable,Unknown,0,0,59000,116000,MI,54.0,0,0,0,1,1,0,0,0,0,0,0,1,0,0,0,0,Data Scientist Project Manager,Other,Unknown,Dearborn,Mi,500000.0,87500.0
202,Data Engineer,4.2,Izea,"Winter Park, FL","Winter Park, Fl",51 - 200,2006,Company - Public,Advertising & Marketing,Business Services,$25 to $50 million (USD),"Linqia, Collective Bias",0,0,48000,95000,FL,15.0,1,1,1,1,1,0,0,0,0,0,1,0,0,0,0,0,Data Engineer,Other,Unknown,Winter Park,Fl,500000.0,71500.0
203,Digital Marketing & Ecommerce Data Analyst,3.6,Vionic Group,"San Rafael, CA","San Rafael, Ca",51 - 200,2006,Subsidiary Or Business Segment,"Department, Clothing, & Shoe Stores",Retail,$100 to $500 million (USD),Unknown,0,0,31000,72000,CA,15.0,0,0,0,1,0,0,0,0,0,0,0,0,0,0,0,1,Analyst,Other,Unknown,San Rafael,Ca,500000.0,51500.0
204,Sr. Scientist - Digital & Image Analysis/Computational Pathology,3.7,Takeda Pharmaceuticals,"San Diego, CA","Osaka, Japan",10000+,1781,Company - Public,Biotech & Pharmaceuticals,Biotech & Pharmaceuticals,$10+ billion (USD),"Novartis, Baxter, Pfizer",0,0,105000,198000,CA,240.0,0,0,0,1,0,0,0,0,0,0,0,0,0,0,0,0,Other Scientist,Sr,M,San Diego,Ca,500000.0,151500.0
205,Senior Data Analyst,2.8,Dodge Data & Analytics,"Hamilton, NJ","Hamilton, Nj",201 - 500,2014,Company - Private,It Services,Information Technology,Unknown / Non-Applicable,Unknown,0,0,55000,100000,NJ,7.0,1,0,0,1,1,0,0,0,0,0,0,1,0,0,0,0,Analyst,Sr,Unknown,Hamilton,Nj,500000.0,77500.0
206,Principal Scientist - Immunologist,3.7,Takeda Pharmaceuticals,"Boston, MA","Osaka, Japan",10000+,1781,Company - Public,Biotech & Pharmaceuticals,Biotech & Pharmaceuticals,$10+ billion (USD),"Novartis, Baxter, Pfizer",0,0,98000,182000,MA,240.0,0,0,0,1,0,0,0,0,0,0,0,0,0,0,0,0,Other Scientist,Sr,M,Boston,Ma,500000.0,140000.0
207,Senior Data Scientist,3.3,Plymouth Rock Assurance,"Woodbridge, NJ","Boston, Ma",1001 - 5000,1982,Company - Private,Insurance Carriers,Insurance,$10 to $25 million (USD),"Arbella Insurance, Safety Insurance",0,0,73000,124000,NJ,39.0,0,0,0,1,1,1,0,0,0,0,0,0,0,0,0,0,Data Scientist,Sr,M,Woodbridge,Nj,500000.0,98500.0
208,Principal Data Scientist With Over 10 Years Experience,3.7,Ca-One Tech Cloud,"San Francisco, CA","Fremont, Ca",51 - 200,2017,Company - Private,It Services,Information Technology,$5 to $10 million (USD),Unknown,0,1,200000,250000,CA,4.0,1,0,1,1,0,0,0,0,0,0,0,1,0,0,0,0,Data Scientist,Sr,Unknown,San Francisco,Ca,500000.0,225000.0
209,Med Tech/Lab Scientist - Laboratory,3.6,Beebe Healthcare,"Lewes, DE","Lewes, De",1001 - 5000,1935,Nonprofit Organization,Health Care Services & Hospitals,Health Care,$100 to $500 million (USD),Unknown,1,0,43000,70000,DE,86.0,0,0,0,0,0,0,0,0,0,0,0,0,0,0,0,0,Other Scientist,Other,Unknown,Lewes,De,500000.0,56500.0
210,"Sr. Scientist, Quantitative Translational Sciences",3.7,Takeda Pharmaceuticals,"Boston, MA","Osaka, Japan",10000+,1781,Company - Public,Biotech & Pharmaceuticals,Biotech & Pharmaceuticals,$10+ billion (USD),"Novartis, Baxter, Pfizer",0,0,117000,206000,MA,240.0,0,0,0,0,0,0,0,0,0,0,0,0,0,0,0,0,Other Scientist,Sr,M,Boston,Ma,500000.0,161500.0
211,Sr. Data Scientist Ii,3.4,Argo Group Us,"New York, NY","Hamilton, Bermuda",1001 - 5000,1948,Company - Public,Insurance Carriers,Insurance,$1 to $2 billion (USD),Unknown,0,0,111000,183000,NY,73.0,1,1,1,0,1,0,1,1,1,1,1,0,0,0,0,0,Data Scientist,Sr,Unknown,New York,Ny,500000.0,147000.0
212,Excel / Vba / Sql_ Data Analyst,4.1,Associated Electric Cooperative,"Springfield, MO","Springfield, Mo",501 - 1000,1961,Company - Private,Energy,"Oil, Gas, Energy & Utilities",$1 to $2 billion (USD),Unknown,0,0,44000,78000,MO,60.0,0,0,0,1,1,0,0,0,0,0,0,0,0,0,0,0,Analyst,Other,M,Springfield,Mo,500000.0,61000.0
213,Machine Learning Research Scientist,2.6,Software Engineering Institute,"Pittsburgh, PA","Pittsburgh, Pa",501 - 1000,1984,College / University,Colleges & Universities,Education,Unknown / Non-Applicable,Unknown,0,0,81000,159000,PA,37.0,1,0,0,0,0,0,0,0,0,0,0,0,0,0,0,0,Machine Learning Engineer,Other,P,Pittsburgh,Pa,500000.0,120000.0
215,"Vp, Data Science",3.2,Pennymac,"Phoenix, AZ","Westlake Village, Ca",1001 - 5000,2008,Company - Public,Lending,Finance,$500 million to $1 billion (USD),"Nationstar Mortgage, Caliber Funding, Quicken Loans",0,0,83000,166000,AZ,13.0,1,0,0,1,1,0,1,0,0,1,0,0,0,0,0,0,Data Scientist,Other,Unknown,Phoenix,Az,500000.0,124500.0
216,Senior Data Scientist,3.9,Zest Ai,"Burbank, CA","Burbank, Ca",51 - 200,2009,Company - Private,Financial Analytics & Research,Finance,$50 to $100 million (USD),Unknown,0,0,114000,182000,CA,12.0,1,0,0,0,0,0,0,0,0,0,0,0,0,0,0,0,Data Scientist,Sr,M,Burbank,Ca,500000.0,148000.0
217,Radar Data Analyst,4.7,Decisive Analytics Corporation,"Huntsville, AL","Arlington, Va",51 - 200,1996,Company - Private,Aerospace & Defense,Aerospace & Defense,$25 to $50 million (USD),"Torch Technologies, American Systems",0,0,42000,76000,AL,25.0,1,0,0,1,0,0,0,0,0,0,0,0,0,0,0,0,Analyst,Other,Unknown,Huntsville,Al,500000.0,59000.0
221,Pl Actuarial-Lead Data Scientist,3.7,The Hanover Insurance Group,"Worcester, MA","Worcester, Ma",5001 - 10000,1852,Company - Public,Insurance Carriers,Insurance,$5 to $10 billion (USD),Unknown,0,0,114000,179000,MA,169.0,1,0,0,1,1,1,0,0,0,0,0,0,0,0,0,0,Data Scientist,Sr,M,Worcester,Ma,500000.0,146500.0
223,Pv Scientist,2.9,Karyopharm Therapeutics Inc.,"Newton, MA","Newton, Ma",201 - 500,1992,Company - Public,Biotech & Pharmaceuticals,Biotech & Pharmaceuticals,Unknown / Non-Applicable,Unknown,0,0,60000,123000,MA,29.0,0,0,0,1,0,0,0,0,0,0,0,0,0,0,0,0,Other Scientist,Other,P,Newton,Ma,500000.0,91500.0
224,Senior Data & Machine Learning Scientist,3.0,Tempus Labs,"Chicago, IL","Chicago, Il",501 - 1000,2015,Company - Private,Biotech & Pharmaceuticals,Biotech & Pharmaceuticals,Unknown / Non-Applicable,Unknown,0,0,100000,166000,IL,6.0,1,0,1,0,1,0,0,1,1,1,0,0,0,0,0,0,Machine Learning Engineer,Sr,P,Chicago,Il,500000.0,133000.0
225,Principal Data Scientist (Computational Chemistry),4.7,Recursion Pharmaceuticals,"Salt Lake City, UT","Salt Lake City, Ut",51 - 200,2013,Company - Private,Biotech & Pharmaceuticals,Biotech & Pharmaceuticals,$1 to $5 million (USD),Unknown,0,0,108000,173000,UT,8.0,1,0,1,0,0,0,1,1,1,1,0,0,0,0,0,0,Data Scientist,Sr,Unknown,Salt Lake City,Ut,500000.0,140500.0
226,Data Engineer,3.7,P2 Energy Solutions,"Lafayette, LA","Denver, Co",501 - 1000,1992,Company - Private,Computer Hardware & Software,Information Technology,Unknown / Non-Applicable,Unknown,0,0,48000,93000,LA,29.0,0,0,0,1,1,0,0,0,0,0,0,0,0,0,0,0,Data Engineer,Other,Unknown,Lafayette,La,500000.0,70500.0
228,"Principal Scientist, Chemistry & Immunology",3.3,Rochester Regional Health,"Rochester, NY","Rochester, Ny",10000+,2014,Hospital,Health Care Services & Hospitals,Health Care,$500 million to $1 billion (USD),Unknown,0,0,54000,115000,NY,7.0,0,0,0,0,0,0,0,0,0,0,0,0,0,0,0,0,Other Scientist,Sr,P,Rochester,Ny,500000.0,84500.0
229,Software Engineer - Data Visualization,4.0,Clearedge,"Annapolis Junction, MD","Annapolis Junction, Md",51 - 200,2002,Company - Private,Computer Hardware & Software,Information Technology,$5 to $10 million (USD),Unknown,0,0,60000,127000,MD,19.0,0,0,0,1,0,0,0,0,0,0,0,0,0,0,0,0,Software Engineer - Data Visualization,Other,M,Annapolis Junction,Md,500000.0,93500.0
230,"Scientist/Senior Scientist, Autoimmune",4.4,Rubius Therapeutics,"Cambridge, MA","Cambridge, Ma",201 - 500,2013,Company - Public,Biotech & Pharmaceuticals,Biotech & Pharmaceuticals,$100 to $500 million (USD),Unknown,0,0,90000,179000,MA,8.0,0,0,0,0,0,0,0,0,0,0,0,0,0,0,0,0,Other Scientist,Sr,P,Cambridge,Ma,500000.0,134500.0
233,Staff Machine Learning Engineer,3.9,Tapjoy,"San Francisco, CA","San Francisco, Ca",201 - 500,2007,Company - Private,Internet,Information Technology,$10 to $25 million (USD),"FLURRY, Chartboost",0,0,138000,224000,CA,14.0,1,1,0,0,1,0,0,0,1,1,0,0,0,0,0,0,Machine Learning Engineer,Other,Unknown,San Francisco,Ca,500000.0,181000.0
234,"Principal Scientist, Hematology",3.3,Rochester Regional Health,"Rochester, NY","Rochester, Ny",10000+,2014,Hospital,Health Care Services & Hospitals,Health Care,$500 million to $1 billion (USD),Unknown,0,0,54000,115000,NY,7.0,0,0,0,0,0,0,0,0,0,0,0,0,0,0,0,0,Other Scientist,Sr,P,Rochester,Ny,500000.0,84500.0
235,Lead Data Engineer,4.1,Credit Sesame,"Mountain View, CA","Mountain View, Ca",51 - 200,2010,Company - Private,Internet,Information Technology,$50 to $100 million (USD),"Credit Karma, LendUp, SoFi",0,0,190000,220000,CA,11.0,1,1,1,0,1,0,0,0,0,0,0,0,0,0,0,0,Data Engineer,Sr,Unknown,Mountain View,Ca,500000.0,205000.0
239,Marketing Data Analyst,3.6,San Manuel Casino,"Highland, CA","Highland, Ca",1001 - 5000,1986,Company - Private,Gambling,"Arts, Entertainment & Recreation",$100 to $500 million (USD),Unknown,0,0,35000,62000,CA,35.0,0,0,0,1,1,1,0,0,0,0,0,1,0,0,0,1,Analyst,Other,M,Highland,Ca,500000.0,48500.0
240,Medical Laboratory Scientist,4.0,Texas Health Huguley Hospital,"Burleson, TX","Arlington, Tx",1001 - 5000,1977,Hospital,Health Care Services & Hospitals,Health Care,$50 to $100 million (USD),Unknown,1,0,37000,52000,TX,44.0,0,0,1,0,0,0,0,0,0,0,0,0,0,0,0,0,Other Scientist,Other,Unknown,Burleson,Tx,500000.0,44500.0
242,R&D Specialist/ Food Scientist,2.4,Teasdale Latin Foods,"Hoopeston, IL","Flower Mound, Tx",501 - 1000,1992,Company - Private,Food & Beverage Manufacturing,Manufacturing,$100 to $500 million (USD),Unknown,0,0,39000,66000,IL,29.0,0,0,0,0,0,0,0,0,0,0,0,0,0,0,0,0,Other Scientist,Other,Unknown,Hoopeston,Il,500000.0,52500.0
243,Senior Research Scientist-Machine Learning,2.6,Software Engineering Institute,"Pittsburgh, PA","Pittsburgh, Pa",501 - 1000,1984,College / University,Colleges & Universities,Education,Unknown / Non-Applicable,Unknown,0,0,81000,167000,PA,37.0,0,0,0,0,0,0,0,0,0,0,0,0,0,0,0,0,Machine Learning Engineer,Sr,P,Pittsburgh,Pa,500000.0,124000.0
245,Analytics Manager - Data Mart,3.5,Central California Alliance For Health,"Scotts Valley, CA","Scotts Valley, Ca",501 - 1000,1996,Nonprofit Organization,Health Care Services & Hospitals,Health Care,$500 million to $1 billion (USD),Unknown,0,0,42000,86000,CA,25.0,0,0,0,0,1,0,0,0,0,0,0,1,0,0,0,0,Data Scientist Project Manager,Other,Unknown,Scotts Valley,Ca,500000.0,64000.0
246,Sr. Data Engineer - Contract-To-Hire (Java),3.0,Pilot Flying J Travel Centers Llc,"Knoxville, TN","Knoxville, Tn",10000+,1958,Company - Private,Gas Stations,Retail,$10+ billion (USD),"TravelCenters of America, Love's Travel Stops & Country Stores, Wawa",0,0,69000,127000,TN,63.0,1,0,0,0,1,0,0,0,0,0,0,0,0,0,0,0,Data Engineer,Sr,M,Knoxville,Tn,500000.0,98000.0
247,Med Tech/Lab Scientist- South Coastal Lab,3.6,Beebe Healthcare,"Millville, DE","Lewes, De",1001 - 5000,1935,Nonprofit Organization,Health Care Services & Hospitals,Health Care,$100 to $500 million (USD),Unknown,1,0,43000,70000,DE,86.0,0,0,0,0,0,0,0,0,0,0,0,0,0,0,0,0,Other Scientist,Other,Unknown,Millville,De,500000.0,56500.0
248,Food Scientist - Developer,3.3,Palermo'S Pizza,"Milwaukee, WI","Milwaukee, Wi",501 - 1000,1964,Company - Private,Food & Beverage Manufacturing,Manufacturing,Unknown / Non-Applicable,Unknown,0,0,40000,68000,WI,57.0,0,0,0,0,0,0,0,0,0,0,0,0,0,0,0,0,Other Scientist,Other,Unknown,Milwaukee,Wi,500000.0,54000.0
250,Staff Scientist-Downstream Process Development,2.7,Advanced Bioscience Laboratories,"Rockville, MD","Rockville, Md",201 - 500,1961,Company - Private,Biotech & Pharmaceuticals,Biotech & Pharmaceuticals,$25 to $50 million (USD),Unknown,0,0,49000,113000,MD,60.0,0,0,0,1,0,0,0,0,0,0,0,0,0,0,0,0,Other Scientist,Other,P,Rockville,Md,500000.0,81000.0
251,Sr. Data Engineer,3.4,Echo Global Logistics,"Chicago, IL","Chicago, Il",1001 - 5000,2005,Company - Public,Transportation Management,Transportation & Logistics,$2 to $5 billion (USD),"C.H. Robinson, Total Quality Logistics, Coyote Logistics",0,0,75000,140000,IL,16.0,0,0,0,0,1,0,0,0,0,0,0,0,0,0,0,0,Data Engineer,Sr,Unknown,Chicago,Il,500000.0,107500.0
253,Data Scientist - Quantitative,3.8,Truckstop.Com,"Chicago, IL","New Plymouth, Id",501 - 1000,1995,Company - Private,Logistics & Supply Chain,Transportation & Logistics,Unknown / Non-Applicable,Unknown,0,0,86000,139000,IL,26.0,1,0,1,1,1,0,0,0,0,0,0,0,0,0,1,0,Data Scientist,Other,M,Chicago,Il,500000.0,112500.0
254,Data Scientist,3.7,Lockheed Martin,"Herndon, VA","Bethesda, Md",10000+,1995,Company - Public,Aerospace & Defense,Aerospace & Defense,$10+ billion (USD),"Boeing, Northrop Grumman, Raytheon",0,0,66000,112000,VA,26.0,1,1,0,1,1,0,0,0,0,0,1,1,0,0,0,0,Data Scientist,Other,Unknown,Herndon,Va,500000.0,89000.0
255,Senior Research Statistician- Data Scientist,4.8,Acuity Insurance,"Sheboygan, WI","Sheboygan, Wi",1001 - 5000,1925,Company - Private,Insurance Carriers,Insurance,$1 to $2 billion (USD),Unknown,0,0,76000,125000,WI,96.0,0,0,0,0,0,1,0,0,0,0,0,0,0,0,0,0,Data Scientist,Sr,M,Sheboygan,Wi,500000.0,100500.0
256,"Business Data Analyst, Sql_",3.8,Fareportal,"New York, NY","New York, Ny",1001 - 5000,2002,Company - Private,Travel Agencies,Travel & Tourism,$2 to $5 billion (USD),"Expedia Group, Orbitz Worldwide, Priceline.com",0,0,44000,86000,NY,19.0,0,0,0,1,1,0,0,0,0,0,0,1,1,0,0,0,Analyst,Other,Unknown,New York,Ny,500000.0,65000.0
257,Medical Technologist / Clinical Laboratory Scientist,3.4,"Veterans Affairs, Veterans Health Administration","New Orleans, LA","Washington, Dc",10000+,1930,Government,Federal Agencies,Government,Unknown / Non-Applicable,Unknown,1,0,31000,52000,LA,91.0,0,0,0,0,0,0,0,0,0,0,0,0,0,0,0,0,Other Scientist,Other,M,New Orleans,La,500000.0,41500.0
258,Data Scientist,4.3,Credera,"Dallas, TX","Dallas, Tx",201 - 500,1999,Subsidiary Or Business Segment,Consulting,Business Services,Unknown / Non-Applicable,Unknown,0,0,53000,92000,TX,22.0,1,1,1,1,1,0,0,0,0,0,1,1,1,0,0,0,Data Scientist,Other,M,Dallas,Tx,500000.0,72500.0
259,Senior Data Analyst,4.8,Knowbe4,"Clearwater, FL","Clearwater, Fl",501 - 1000,2010,Company - Private,Security Services,Business Services,$100 to $500 million (USD),Unknown,0,0,44000,78000,FL,11.0,1,0,0,1,1,0,0,0,0,0,0,0,0,0,0,0,Analyst,Sr,M,Clearwater,Fl,500000.0,61000.0
260,Bi & Platform Analytics Manager,3.4,Church & Dwight,"Ewing, NJ","Ewing, Nj",1001 - 5000,1846,Company - Public,Consumer Products Manufacturing,Manufacturing,$2 to $5 billion (USD),Unknown,0,0,85000,134000,NJ,175.0,1,0,0,1,0,0,0,0,0,0,0,1,1,0,0,0,Data Scientist Project Manager,Other,M,Ewing,Nj,500000.0,109500.0
262,Data Engineer,3.9,Cogo Labs,"Cambridge, MA","Cambridge, Ma",51 - 200,2005,Company - Private,Internet,Information Technology,Unknown / Non-Applicable,Unknown,0,0,59000,110000,MA,16.0,1,1,0,0,1,0,0,0,0,0,0,0,0,0,0,0,Data Engineer,Other,Unknown,Cambridge,Ma,500000.0,84500.0
263,Data Scientist,3.4,Spectrum Communications And Consulting,"Chicago, IL","Chicago, Il",51 - 200,1992,Company - Private,Advertising & Marketing,Business Services,$10 to $25 million (USD),Unknown,0,0,64000,111000,IL,29.0,0,0,0,0,1,1,0,0,0,0,0,0,0,0,0,0,Data Scientist,Other,Unknown,Chicago,Il,500000.0,87500.0
264,Data Analyst,3.1,Ncsoft,"San Mateo, CA","Seoul, South Korea",1001 - 5000,1997,Company - Public,Video Games,Media,$10+ billion (USD),"Blizzard Entertainment, Riot Games, Electronic Arts",0,0,65000,120000,CA,24.0,1,0,0,1,1,0,0,0,0,0,1,1,0,0,0,0,Analyst,Other,Unknown,San Mateo,Ca,500000.0,92500.0
265,Associate Data Scientist/Computer Scientist,3.2,Mitre,"McLean, VA","Bedford, Ma",5001 - 10000,1958,Nonprofit Organization,Federal Agencies,Government,$1 to $2 billion (USD),"Battelle, General Atomics, SAIC",0,0,60000,103000,VA,63.0,1,1,0,0,0,0,0,0,0,0,1,0,0,0,0,0,Data Scientist,Other,Unknown,Mclean,Va,500000.0,81500.0
266,Business Intelligence Analyst / Developer,4.3,"Dayton Freight Lines, Inc.","Dayton, OH","Dayton, Oh",1001 - 5000,1981,Company - Private,Trucking,Transportation & Logistics,Unknown / Non-Applicable,"Old Dominion Freight, Pitt Ohio Express",0,0,53000,105000,OH,40.0,0,0,0,0,1,0,0,0,0,0,0,0,0,0,0,0,Analyst,Other,Unknown,Dayton,Oh,500000.0,79000.0
267,Lead Data Scientist,3.6,Massmutual,"Boston, MA","Springfield, Ma",5001 - 10000,1851,Company - Private,Insurance Carriers,Insurance,$10+ billion (USD),Unknown,0,0,124000,204000,MA,170.0,1,1,1,0,1,0,0,0,1,0,1,0,0,0,0,0,Data Scientist,Sr,P,Boston,Ma,500000.0,164000.0
268,"Sr. Data Scientist - Analytics, Personalized Healthcare (Phc)",3.9,Genentech,"South San Francisco, CA","South San Francisco, Ca",10000+,1976,Subsidiary Or Business Segment,Biotech & Pharmaceuticals,Biotech & Pharmaceuticals,$10+ billion (USD),Unknown,0,0,131000,207000,CA,45.0,1,1,0,1,1,0,0,0,0,0,1,0,0,0,0,0,Data Scientist,Sr,P,South San Francisco,Ca,500000.0,169000.0
269,Senior Data Scientist,3.8,Juniper Networks,"Cupertino, CA","Sunnyvale, Ca",5001 - 10000,1996,Company - Public,Telecommunications Services,Telecommunications,$2 to $5 billion (USD),Unknown,0,0,110000,174000,CA,25.0,1,1,1,1,0,0,0,0,1,1,0,0,0,1,0,0,Data Scientist,Sr,P,Cupertino,Ca,500000.0,142000.0
270,Data Analyst,2.8,Community Action Partnership Of San Luis Obispo,"Parlier, CA","San Luis Obispo, Ca",501 - 1000,1992,Nonprofit Organization,Social Assistance,Non-Profit,$50 to $100 million (USD),Unknown,0,0,33000,62000,CA,29.0,0,0,0,1,0,0,0,0,0,0,0,0,0,0,0,0,Analyst,Other,Unknown,Parlier,Ca,500000.0,47500.0
273,Pricipal Scientist Molecular And Cellular Biologist,3.7,Takeda Pharmaceuticals,"Boston, MA","Osaka, Japan",10000+,1781,Company - Public,Biotech & Pharmaceuticals,Biotech & Pharmaceuticals,$10+ billion (USD),"Novartis, Baxter, Pfizer",0,0,52000,101000,MA,240.0,0,0,0,1,0,0,0,0,0,0,0,0,0,0,0,0,Other Scientist,Other,P,Boston,Ma,500000.0,76500.0
274,Data Analyst,3.4,Trueaccord,"San Francisco, CA","San Francisco, Ca",51 - 200,2013,Company - Private,Enterprise Software & Network Solutions,Information Technology,Unknown / Non-Applicable,Unknown,0,0,48000,90000,CA,8.0,1,0,0,1,1,0,0,0,0,0,0,1,1,0,0,0,Analyst,Other,Unknown,San Francisco,Ca,500000.0,69000.0
275,Data Analyst,4.0,Drb Systems,"Meridian, ID","Akron, Oh",201 - 500,1984,Company - Private,Computer Hardware & Software,Information Technology,$50 to $100 million (USD),Unknown,0,0,34000,64000,ID,37.0,1,0,0,1,1,0,0,0,0,0,0,1,0,0,0,0,Analyst,Other,Unknown,Meridian,Id,500000.0,49000.0
276,Staff Data Scientist,3.5,Western Digital,"San Jose, CA","San Jose, Ca",10000+,1970,Company - Public,Computer Hardware & Software,Information Technology,$10+ billion (USD),"Seagate Technology, Toshiba",0,0,132000,211000,CA,51.0,1,0,1,0,1,0,0,0,0,0,1,0,0,0,0,0,Data Scientist,Other,M,San Jose,Ca,500000.0,171500.0
277,"Data Scientist (Actuary, Fsa Or Asa)",3.8,Legal & General America,"Frederick, MD","Frederick, Md",501 - 1000,1981,Company - Private,Insurance Carriers,Insurance,$500 million to $1 billion (USD),Unknown,0,0,81000,133000,MD,40.0,1,0,0,1,1,0,0,0,0,0,0,1,0,0,0,0,Data Scientist,Other,M,Frederick,Md,500000.0,107000.0
278,System And Data Analyst,3.7,Corcentric,"Cherry Hill, NJ","Cherry Hill, Nj",201 - 500,1996,Company - Private,Enterprise Software & Network Solutions,Information Technology,Unknown / Non-Applicable,Unknown,0,0,42000,76000,NJ,25.0,0,0,0,1,0,0,0,0,0,0,0,0,0,0,0,0,Analyst,Other,M,Cherry Hill,Nj,500000.0,59000.0
281,Data Scientist,3.5,U.Group,"Indianapolis, IN","Arlington, Va",201 - 500,2019,Company - Private,It Services,Information Technology,$25 to $50 million (USD),Unknown,0,0,66000,111000,IN,2.0,0,0,1,0,0,0,0,0,0,0,0,0,0,0,0,0,Data Scientist,Other,M,Indianapolis,In,500000.0,88500.0
282,Data Engineer 5 - Contract (Remote),4.2,The Church Of Jesus Christ Of Latter-Day Saints,"Riverton, UT","Salt Lake City, Ut",10000+,1992,Nonprofit Organization,Religious Organizations,Non-Profit,Unknown / Non-Applicable,Unknown,0,0,74000,140000,UT,29.0,0,0,0,1,0,0,0,0,0,0,0,0,0,0,0,0,Data Engineer,Other,M,Riverton,Ut,500000.0,107000.0
284,Digital Health Data Scientist,4.0,Pfizer,"Cambridge, MA","New York, Ny",10000+,1849,Company - Public,Biotech & Pharmaceuticals,Biotech & Pharmaceuticals,$10+ billion (USD),Unknown,0,0,63000,110000,MA,172.0,1,0,1,1,0,0,0,0,0,0,0,0,0,0,0,0,Data Scientist,Other,Unknown,Cambridge,Ma,500000.0,86500.0
285,Data Scientist,4.3,Smc 3,"Louisville, KY","Peachtree City, Ga",51 - 200,1935,Nonprofit Organization,Logistics & Supply Chain,Transportation & Logistics,$10 to $25 million (USD),Unknown,0,0,63000,105000,KY,86.0,1,0,0,1,1,0,0,0,0,0,0,1,0,0,0,0,Data Scientist,Other,M,Louisville,Ky,500000.0,84000.0
288,Data & Analytics Consultant (Nyc),4.7,Systems Evolution Inc.,"New York, NY","Cincinnati, Oh",201 - 500,1992,Company - Private,Consulting,Business Services,$50 to $100 million (USD),Unknown,0,0,91000,138000,NY,29.0,1,0,0,1,1,0,0,0,0,0,0,1,0,0,0,0,Data Analitics,Other,M,New York,Ny,500000.0,114500.0
289,Senior Scientist - Neuroscience,3.5,Sunovion,"Marlborough, MA","Marlborough, Ma",1001 - 5000,2010,Company - Private,Biotech & Pharmaceuticals,Biotech & Pharmaceuticals,$1 to $2 billion (USD),"Shire, GlaxoSmithKline, Allergan",0,0,100000,190000,MA,11.0,1,0,0,1,0,0,0,0,0,0,0,0,0,0,0,0,Other Scientist,Sr,P,Marlborough,Ma,500000.0,145000.0
290,Data Engineer,4.4,Eventbrite,"Nashville, TN","San Francisco, Ca",1001 - 5000,2006,Company - Public,Internet,Information Technology,$100 to $500 million (USD),"See Tickets, TicketWeb, Vendini",0,0,62000,114000,TN,15.0,1,1,1,1,1,0,0,0,0,0,1,0,0,0,0,0,Data Engineer,Other,Unknown,Nashville,Tn,500000.0,88000.0
291,Big Data Engineer - Chicago - Future Opportunity,4.1,Centro,"Chicago, IL","Chicago, Il",501 - 1000,2001,Company - Private,Internet,Information Technology,$100 to $500 million (USD),"Mediaocean, The Trade Desk, MediaMath",0,0,71000,129000,IL,20.0,1,1,1,0,1,0,0,0,0,0,1,0,0,0,0,0,Data Engineer,Other,Unknown,Chicago,Il,500000.0,100000.0
292,Senior Data Analyst,2.9,National Student Clearinghouse,"Herndon, VA","Herndon, Va",201 - 500,1993,Nonprofit Organization,Colleges & Universities,Education,$25 to $50 million (USD),"Ellucian, Parchment, College Board",0,0,43000,80000,VA,28.0,1,0,0,1,1,0,0,0,0,0,0,1,1,0,0,0,Analyst,Sr,M,Herndon,Va,500000.0,61500.0
293,Data Scientist,2.5,Comscore,"Portland, OR","Reston, Va",1001 - 5000,1999,Company - Public,Advertising & Marketing,Business Services,$1 to $2 billion (USD),"Nielsen, Hitwise, Coremetrics",0,0,74000,119000,OR,22.0,1,1,0,0,1,0,0,0,0,0,0,0,0,0,0,0,Data Scientist,Other,Unknown,Portland,Or,500000.0,96500.0
295,Survey Data Analyst,4.2,Sullivancotter,"Minneapolis, MN","Chicago, Il",201 - 500,1992,Company - Private,Consulting,Business Services,Unknown / Non-Applicable,"Mercer, Korn Ferry, Integrated Healthcare Strategies",0,0,55000,97000,MN,29.0,1,0,0,1,1,0,0,0,0,0,0,0,0,0,0,0,Analyst,Other,Unknown,Minneapolis,Mn,500000.0,76000.0
296,Data Scientist,3.9,Npd,"Port Washington, NY","Port Washington, Ny",1001 - 5000,1966,Company - Private,Research & Development,Business Services,$100 to $500 million (USD),Unknown,0,0,15000,16000,NY,55.0,0,0,0,1,0,0,0,0,0,0,0,0,0,0,0,0,Data Scientist,Other,Unknown,Port Washington,Ny,500000.0,15500.0
299,Data Scientist,4.3,Bakery Agency,"Austin, TX","Austin, Tx",Jan-50,2010,Company - Private,Advertising & Marketing,Business Services,Unknown / Non-Applicable,Unknown,0,0,61000,106000,TX,11.0,1,0,0,1,1,0,0,0,0,0,0,0,0,0,0,1,Data Scientist,Other,Unknown,Austin,Tx,500000.0,83500.0
300,"Risk And Analytics It, Data Scientist",2.7,State Of Wisconsin Investment Board,"Madison, WI","Madison, Wi",51 - 200,1951,Government,Investment Banking & Asset Management,Finance,$50 to $100 million (USD),Unknown,0,0,91000,149000,WI,70.0,1,0,0,0,1,0,0,0,0,0,0,1,1,0,0,0,Data Scientist,Other,Unknown,Madison,Wi,500000.0,120000.0
302,Data Scientist,3.9,Genentech,"South San Francisco, CA","South San Francisco, Ca",10000+,1976,Subsidiary Or Business Segment,Biotech & Pharmaceuticals,Biotech & Pharmaceuticals,$10+ billion (USD),Unknown,0,0,127000,199000,CA,45.0,0,0,0,1,1,1,0,0,0,0,0,0,0,0,0,0,Data Scientist,Other,M,South San Francisco,Ca,500000.0,163000.0
305,Lead Health Data Analyst - Front End,3.4,Blue Cross & Blue Shield Of Rhode Island,"Providence, RI","Providence, Ri",501 - 1000,1939,Nonprofit Organization,Insurance Carriers,Insurance,Unknown / Non-Applicable,UnitedHealth Group,0,0,74000,126000,RI,82.0,0,0,1,0,1,1,0,0,0,0,0,0,0,0,0,0,Analyst,Sr,Unknown,Providence,Ri,500000.0,100000.0
306,Research Scientist,3.8,Boys Town,"Omaha, NE","Omaha, Ne",1001 - 5000,1917,Nonprofit Organization,Social Assistance,Non-Profit,Unknown / Non-Applicable,"Boys & Girls Clubs of America, AdoptUSKids, Foster Care to Success",0,0,33000,72000,NE,104.0,0,0,0,1,0,0,0,0,0,0,0,0,0,0,0,0,Other Scientist,Other,P,Omaha,Ne,500000.0,52500.0
307,Medical Lab Scientist,3.6,Tower Health,"West Reading, PA","Reading, Pa",5001 - 10000,2017,Nonprofit Organization,Health Care Services & Hospitals,Health Care,Unknown / Non-Applicable,Unknown,1,0,35000,49000,PA,4.0,0,0,0,0,0,0,0,0,0,0,0,0,0,0,0,0,Other Scientist,Other,Unknown,West Reading,Pa,500000.0,42000.0
308,Junior Data Analyst,3.3,The Hsc Health Care System,"Washington, DC","Washington, Dc",501 - 1000,1883,Nonprofit Organization,Health Care Services & Hospitals,Health Care,Unknown / Non-Applicable,Unknown,0,0,37000,63000,DC,138.0,0,0,0,1,1,0,0,0,0,0,0,1,1,0,0,0,Analyst,Jr,M,Washington,Dc,500000.0,50000.0
309,Sql_ Data Engineer,3.4,Pro-Sphere Tek,"Austin, TX","Alexandria, Va",201 - 500,2006,Company - Private,Consulting,Business Services,$50 to $100 million (USD),Unknown,0,0,67000,119000,TX,15.0,1,0,1,0,1,0,0,0,0,0,1,1,1,0,0,0,Data Engineer,Other,M,Austin,Tx,500000.0,93000.0
310,Data Scientist,3.0,Ameritas Life Insurance Corp,"Cincinnati, OH","Lincoln, Ne",1001 - 5000,1887,Company - Private,Insurance Agencies & Brokerages,Insurance,$2 to $5 billion (USD),Unknown,0,0,72000,117000,OH,134.0,1,0,0,0,1,1,0,0,0,0,0,0,0,0,0,0,Data Scientist,Other,Unknown,Cincinnati,Oh,500000.0,94500.0
311,Senior Data Scientist,4.0,Autodesk,"San Francisco, CA","San Rafael, Ca",5001 - 10000,1982,Company - Public,Computer Hardware & Software,Information Technology,$2 to $5 billion (USD),Unknown,0,0,116000,185000,CA,39.0,1,1,0,0,1,1,0,0,1,1,1,0,0,0,0,0,Data Scientist,Sr,P,San Francisco,Ca,500000.0,150500.0
312,Data Scientist,3.7,Genworth,"Raleigh, NC","Richmond, Va",1001 - 5000,2004,Company - Public,Insurance Carriers,Insurance,$5 to $10 billion (USD),"MetLife, Northwestern Mutual, Prudential",0,0,78000,126000,NC,17.0,1,1,1,1,1,1,0,0,1,0,1,1,0,0,0,0,Data Scientist,Other,M,Raleigh,Nc,500000.0,102000.0
313,"Scientist, Analytical Development",4.4,Rubius Therapeutics,"Cambridge, MA","Cambridge, Ma",201 - 500,2013,Company - Public,Biotech & Pharmaceuticals,Biotech & Pharmaceuticals,$100 to $500 million (USD),Unknown,0,0,42000,82000,MA,8.0,0,0,0,0,0,0,0,0,0,0,0,0,0,0,0,0,Other Scientist,Other,P,Cambridge,Ma,500000.0,62000.0
314,Analytics Manager,4.3,Onemagnify,"Dearborn, MI","Detroit, Mi",201 - 500,1967,Company - Private,Advertising & Marketing,Business Services,Unknown / Non-Applicable,Unknown,0,0,59000,116000,MI,54.0,0,0,0,1,1,0,0,0,0,0,0,1,0,0,0,0,Data Scientist Project Manager,Other,Unknown,Dearborn,Mi,500000.0,87500.0
316,Clinical Data Scientist,4.0,Pfizer,"Groton, CT","New York, Ny",10000+,1849,Company - Public,Biotech & Pharmaceuticals,Biotech & Pharmaceuticals,$10+ billion (USD),Unknown,0,0,63000,105000,CT,172.0,0,0,1,1,0,0,0,0,0,0,0,0,0,0,0,0,Data Scientist,Other,M,Groton,Ct,500000.0,84000.0
317,Data Scientist,4.0,Novetta,"Herndon, VA","Mc Lean, Va",501 - 1000,2012,Company - Private,Enterprise Software & Network Solutions,Information Technology,$100 to $500 million (USD),"Leidos, CACI International, Booz Allen Hamilton",0,0,109000,177000,VA,9.0,1,0,1,0,0,0,1,0,0,1,0,0,0,0,0,0,Data Scientist,Other,Unknown,Herndon,Va,500000.0,143000.0
318,"Sr. Data Scientist, Cyber-Security Lt Contract",3.2,"Numeric, Llc","Phila, PA","Chadds Ford, Pa",Jan-50,1992,Company - Private,Staffing & Outsourcing,Business Services,$5 to $10 million (USD),Unknown,0,0,116000,194000,PA,29.0,1,1,1,1,0,0,0,0,1,0,1,0,0,0,0,0,Data Scientist,Sr,M,Phila,Pa,500000.0,155000.0
319,Data Engineer,4.2,Izea,"Winter Park, FL","Winter Park, Fl",51 - 200,2006,Company - Public,Advertising & Marketing,Business Services,$25 to $50 million (USD),"Linqia, Collective Bias",0,0,48000,95000,FL,15.0,1,1,1,1,1,0,0,0,0,0,1,0,0,0,0,0,Data Engineer,Other,Unknown,Winter Park,Fl,500000.0,71500.0
320,Data Scientist,3.9,Trace Data,"Oakland, CA","Santa Ana, Ca",51 - 200,2000,Company - Private,Insurance Carriers,Insurance,$10 to $25 million (USD),Unknown,0,0,83000,133000,CA,21.0,1,1,0,0,1,1,0,1,1,1,0,0,0,0,0,0,Data Scientist,Other,M,Oakland,Ca,500000.0,108000.0
322,Sr. Scientist - Digital & Image Analysis/Computational Pathology,3.7,Takeda Pharmaceuticals,"San Diego, CA","Osaka, Japan",10000+,1781,Company - Public,Biotech & Pharmaceuticals,Biotech & Pharmaceuticals,$10+ billion (USD),"Novartis, Baxter, Pfizer",0,0,105000,198000,CA,240.0,0,0,0,1,0,0,0,0,0,0,0,0,0,0,0,0,Other Scientist,Sr,M,San Diego,Ca,500000.0,151500.0
323,Digital Marketing & Ecommerce Data Analyst,3.6,Vionic Group,"San Rafael, CA","San Rafael, Ca",51 - 200,2006,Subsidiary Or Business Segment,"Department, Clothing, & Shoe Stores",Retail,$100 to $500 million (USD),Unknown,0,0,31000,72000,CA,15.0,0,0,0,1,0,0,0,0,0,0,0,0,0,0,0,1,Analyst,Other,Unknown,San Rafael,Ca,500000.0,51500.0
324,Principal Scientist - Immunologist,3.7,Takeda Pharmaceuticals,"Boston, MA","Osaka, Japan",10000+,1781,Company - Public,Biotech & Pharmaceuticals,Biotech & Pharmaceuticals,$10+ billion (USD),"Novartis, Baxter, Pfizer",0,0,98000,182000,MA,240.0,0,0,0,1,0,0,0,0,0,0,0,0,0,0,0,0,Other Scientist,Sr,M,Boston,Ma,500000.0,140000.0
325,Senior Data Analyst,2.8,Dodge Data & Analytics,"Hamilton, NJ","Hamilton, Nj",201 - 500,2014,Company - Private,It Services,Information Technology,Unknown / Non-Applicable,Unknown,0,0,55000,100000,NJ,7.0,1,0,0,1,1,0,0,0,0,0,0,1,0,0,0,0,Analyst,Sr,Unknown,Hamilton,Nj,500000.0,77500.0
326,Insurance Financial Data Analyst,4.2,Clearwater Analytics,"Boise, ID","Boise, Id",501 - 1000,2004,Company - Private,Investment Banking & Asset Management,Finance,$50 to $100 million (USD),Unknown,0,0,45000,82000,ID,17.0,0,0,0,1,1,0,0,0,0,0,0,0,0,0,0,0,Analyst,Other,Unknown,Boise,Id,500000.0,63500.0
328,Data Scientist,4.0,"Tekvalley, Corp.","San Francisco, CA","Pleasanton, Ca",Jan-50,1992,Company - Private,It Services,Information Technology,Less than $1 million (USD),Unknown,0,0,83000,135000,CA,29.0,1,0,0,0,1,0,0,0,0,0,0,1,0,0,0,0,Data Scientist,Other,Unknown,San Francisco,Ca,500000.0,109000.0
330,Data Scientist,3.5,Bwx Technologies,"Oak Ridge, TN","Lynchburg, Va",5001 - 10000,1850,Company - Public,Aerospace & Defense,Aerospace & Defense,$500 million to $1 billion (USD),Unknown,0,0,70000,122000,TN,171.0,1,0,0,0,0,0,1,1,0,1,0,0,0,0,0,0,Data Scientist,Other,M,Oak Ridge,Tn,500000.0,96000.0
331,Principal Data Scientist With Over 10 Years Experience,3.7,Ca-One Tech Cloud,"San Francisco, CA","Fremont, Ca",51 - 200,2017,Company - Private,It Services,Information Technology,$5 to $10 million (USD),Unknown,0,1,200000,250000,CA,4.0,1,0,1,1,0,0,0,0,0,0,0,1,0,0,0,0,Data Scientist,Sr,Unknown,San Francisco,Ca,500000.0,225000.0
332,Data Engineer,3.2,Pennymac,"Agoura Hills, CA","Westlake Village, Ca",1001 - 5000,2008,Company - Public,Lending,Finance,$500 million to $1 billion (USD),"Nationstar Mortgage, Caliber Funding, Quicken Loans",0,0,70000,132000,CA,13.0,1,0,1,1,1,0,0,0,0,0,0,1,0,0,0,0,Data Engineer,Other,Unknown,Agoura Hills,Ca,500000.0,101000.0
333,Senior Data Scientist,3.3,Plymouth Rock Assurance,"Woodbridge, NJ","Boston, Ma",1001 - 5000,1982,Company - Private,Insurance Carriers,Insurance,$10 to $25 million (USD),"Arbella Insurance, Safety Insurance",0,0,73000,124000,NJ,39.0,0,0,0,1,1,1,0,0,0,0,0,0,0,0,0,0,Data Scientist,Sr,M,Woodbridge,Nj,500000.0,98500.0
334,Data Engineer I - Azure,3.9,Vermeer,"Pella, IA","Pella, Ia",1001 - 5000,1948,Company - Private,Industrial Manufacturing,Manufacturing,$1 to $2 billion (USD),"Caterpillar, John Deere, CNH Industrial",0,0,54000,101000,IA,73.0,0,0,0,1,1,0,0,0,0,0,1,0,0,0,0,0,Data Engineer,Other,Unknown,Pella,Ia,500000.0,77500.0
335,"Sr. Scientist, Quantitative Translational Sciences",3.7,Takeda Pharmaceuticals,"Boston, MA","Osaka, Japan",10000+,1781,Company - Public,Biotech & Pharmaceuticals,Biotech & Pharmaceuticals,$10+ billion (USD),"Novartis, Baxter, Pfizer",0,0,117000,206000,MA,240.0,0,0,0,0,0,0,0,0,0,0,0,0,0,0,0,0,Other Scientist,Sr,M,Boston,Ma,500000.0,161500.0
337,Med Tech/Lab Scientist - Laboratory,3.6,Beebe Healthcare,"Lewes, DE","Lewes, De",1001 - 5000,1935,Nonprofit Organization,Health Care Services & Hospitals,Health Care,$100 to $500 million (USD),Unknown,1,0,43000,70000,DE,86.0,0,0,0,0,0,0,0,0,0,0,0,0,0,0,0,0,Other Scientist,Other,Unknown,Lewes,De,500000.0,56500.0
339,Sr. Data Scientist Ii,3.4,Argo Group Us,"New York, NY","Hamilton, Bermuda",1001 - 5000,1948,Company - Public,Insurance Carriers,Insurance,$1 to $2 billion (USD),Unknown,0,0,111000,183000,NY,73.0,1,1,1,0,1,0,1,1,1,1,1,0,0,0,0,0,Data Scientist,Sr,Unknown,New York,Ny,500000.0,147000.0
341,Data Scientist,3.5,L&T Infotech,"San Ramon, CA","Mumbai, India",10000+,1997,Company - Public,It Services,Information Technology,Unknown / Non-Applicable,"Infosys, Accenture, Capgemini",0,0,68000,112000,CA,24.0,1,0,0,1,1,0,1,0,1,0,0,1,0,0,0,0,Data Scientist,Other,Unknown,San Ramon,Ca,500000.0,90000.0
342,Information Security Data Analyst,4.3,Oceanfirst Financial,"Red Bank, NJ","Toms River, Nj",501 - 1000,1902,Company - Public,Banks & Credit Unions,Finance,$5 to $10 billion (USD),Unknown,0,0,42000,74000,NJ,119.0,0,0,1,0,1,0,0,0,0,0,0,0,0,0,0,0,Analyst,Other,Unknown,Red Bank,Nj,500000.0,58000.0
344,Excel / Vba / Sql_ Data Analyst,4.1,Associated Electric Cooperative,"Springfield, MO","Springfield, Mo",501 - 1000,1961,Company - Private,Energy,"Oil, Gas, Energy & Utilities",$1 to $2 billion (USD),Unknown,0,0,44000,78000,MO,60.0,0,0,0,1,1,0,0,0,0,0,0,0,0,0,0,0,Analyst,Other,M,Springfield,Mo,500000.0,61000.0
346,Machine Learning Research Scientist,2.6,Software Engineering Institute,"Pittsburgh, PA","Pittsburgh, Pa",501 - 1000,1984,College / University,Colleges & Universities,Education,Unknown / Non-Applicable,Unknown,0,0,81000,159000,PA,37.0,1,0,0,0,0,0,0,0,0,0,0,0,0,0,0,0,Machine Learning Engineer,Other,P,Pittsburgh,Pa,500000.0,120000.0
347,Data Scientist,3.6,Sotheby'S,"New York, NY","New York, Ny",1001 - 5000,1744,Company - Public,Auctions & Galleries,Retail,$500 million to $1 billion (USD),Unknown,0,0,95000,161000,NY,277.0,1,0,0,0,0,0,0,0,0,0,0,0,0,0,0,0,Data Scientist,Other,Unknown,New York,Ny,500000.0,128000.0
348,Data Scientist,3.5,First Tech Federal Credit Union,"Hillsboro, OR","San Jose, Ca",1001 - 5000,1952,Company - Private,Banks & Credit Unions,Finance,$100 to $500 million (USD),Unknown,0,0,75000,124000,OR,69.0,1,1,1,1,1,0,1,0,1,1,0,1,0,0,0,0,Data Scientist,Other,Unknown,Hillsboro,Or,500000.0,99500.0
349,Data Scientist,3.6,Amrock,"Detroit, MI","Detroit, Mi",1001 - 5000,1997,Company - Private,Real Estate,Real Estate,$500 million to $1 billion (USD),Unknown,0,0,72000,120000,MI,24.0,1,0,0,0,1,1,0,0,0,0,0,0,0,0,0,0,Data Scientist,Other,M,Detroit,Mi,500000.0,96000.0
350,Data Scientist,2.3,Vanda Pharmaceuticals,"Washington, DC","Washington, Dc",201 - 500,2003,Company - Public,Biotech & Pharmaceuticals,Biotech & Pharmaceuticals,$100 to $500 million (USD),Unknown,0,0,76000,126000,DC,18.0,1,0,0,1,1,0,0,0,0,0,0,1,0,0,0,0,Data Scientist,Other,M,Washington,Dc,500000.0,101000.0
351,Senior Data Scientist,3.9,Zest Ai,"Burbank, CA","Burbank, Ca",51 - 200,2009,Company - Private,Financial Analytics & Research,Finance,$50 to $100 million (USD),Unknown,0,0,114000,182000,CA,12.0,1,0,0,0,0,0,0,0,0,0,0,0,0,0,0,0,Data Scientist,Sr,M,Burbank,Ca,500000.0,148000.0
352,"Data Scientist, Senior",4.0,Novetta,"Fort Belvoir, VA","Mc Lean, Va",501 - 1000,2012,Company - Private,Enterprise Software & Network Solutions,Information Technology,$100 to $500 million (USD),"Leidos, CACI International, Booz Allen Hamilton",0,0,108000,176000,VA,9.0,1,0,1,0,1,0,0,0,0,0,0,0,0,0,1,0,Data Scientist,Sr,Unknown,Fort Belvoir,Va,500000.0,142000.0
353,Senior Data Scientist,4.1,Ck-12 Foundation,"Palo Alto, CA","Palo Alto, Ca",Jan-50,2007,Company - Private,K-12 Education,Education,Unknown / Non-Applicable,Unknown,0,0,130000,208000,CA,14.0,0,0,1,1,1,1,0,0,0,0,0,1,0,0,1,0,Data Scientist,Sr,M,Palo Alto,Ca,500000.0,169000.0
354,"Vp, Data Science",3.2,Pennymac,"Phoenix, AZ","Westlake Village, Ca",1001 - 5000,2008,Company - Public,Lending,Finance,$500 million to $1 billion (USD),"Nationstar Mortgage, Caliber Funding, Quicken Loans",0,0,83000,166000,AZ,13.0,1,0,0,1,1,0,1,0,0,1,0,0,0,0,0,0,Data Scientist,Other,Unknown,Phoenix,Az,500000.0,124500.0
355,Radar Data Analyst,4.7,Decisive Analytics Corporation,"Huntsville, AL","Arlington, Va",51 - 200,1996,Company - Private,Aerospace & Defense,Aerospace & Defense,$25 to $50 million (USD),"Torch Technologies, American Systems",0,0,42000,76000,AL,25.0,1,0,0,1,0,0,0,0,0,0,0,0,0,0,0,0,Analyst,Other,Unknown,Huntsville,Al,500000.0,59000.0
356,Consultant– Data Analytics Group,4.2,Opinion Dynamics,"San Diego, CA","Waltham, Ma",51 - 200,1987,Company - Private,Consulting,Business Services,$10 to $25 million (USD),Unknown,0,0,37000,68000,CA,34.0,1,0,0,0,1,0,0,0,0,0,0,0,0,0,0,0,Data Analitics,Other,Unknown,San Diego,Ca,500000.0,52500.0
357,Data Engineer,4.6,Applied Information Sciences,"Houston, TX","Reston, Va",501 - 1000,1982,Company - Private,It Services,Information Technology,$50 to $100 million (USD),Unknown,0,0,52000,99000,TX,39.0,0,1,0,0,1,0,0,0,0,0,1,1,1,0,0,0,Data Engineer,Other,Unknown,Houston,Tx,500000.0,75500.0
358,Senior Data Scientist,3.7,Swiss Re,"Armonk, NY","Zurich, Switzerland",10000+,1863,Company - Public,Insurance Agencies & Brokerages,Insurance,$10+ billion (USD),"Munich Re, Hannover RE, SCOR",0,0,105000,173000,NY,158.0,1,0,0,1,1,0,0,0,0,0,0,0,0,0,0,0,Data Scientist,Sr,M,Armonk,Ny,500000.0,139000.0
362,"Data Engineer, Data Engineering And Artifical Intelligence",3.7,Takeda Pharmaceuticals,"Cambridge, MA","Osaka, Japan",10000+,1781,Company - Public,Biotech & Pharmaceuticals,Biotech & Pharmaceuticals,$10+ billion (USD),"Novartis, Baxter, Pfizer",0,0,71000,134000,MA,240.0,1,1,1,1,1,0,0,0,0,0,1,1,0,0,1,0,Data Engineer,Other,Unknown,Cambridge,Ma,500000.0,102500.0
364,Staff Scientist,4.4,Wk Dickson,"Columbia, SC","Charlotte, Nc",201 - 500,1929,Company - Private,Architectural & Engineering Services,Business Services,$25 to $50 million (USD),"McKim and Creed, CDM Smith, Kimley-Horn",0,0,39000,82000,SC,92.0,0,0,0,0,0,0,0,0,0,0,0,0,0,0,0,0,Other Scientist,Other,Unknown,Columbia,Sc,500000.0,60500.0
366,Pl Actuarial-Lead Data Scientist,3.7,The Hanover Insurance Group,"Worcester, MA","Worcester, Ma",5001 - 10000,1852,Company - Public,Insurance Carriers,Insurance,$5 to $10 billion (USD),Unknown,0,0,114000,179000,MA,169.0,1,0,0,1,1,1,0,0,0,0,0,0,0,0,0,0,Data Scientist,Sr,M,Worcester,Ma,500000.0,146500.0
367,"Associate Scientist/Scientist, Process Analytical Technology - Small Molecule Analytical Chemistry",3.9,Genentech,"South San Francisco, CA","South San Francisco, Ca",10000+,1976,Subsidiary Or Business Segment,Biotech & Pharmaceuticals,Biotech & Pharmaceuticals,$10+ billion (USD),Unknown,0,0,88000,162000,CA,45.0,0,0,0,1,0,0,0,0,0,0,0,0,0,0,0,0,Other Scientist,Other,P,South San Francisco,Ca,500000.0,125000.0
368,Sr. Data Analyst,3.6,Massmutual,"Springfield, MA","Springfield, Ma",5001 - 10000,1851,Company - Private,Insurance Carriers,Insurance,$10+ billion (USD),Unknown,0,0,60000,102000,MA,170.0,1,0,0,0,1,0,0,0,0,0,0,1,0,0,0,0,Analyst,Sr,Unknown,Springfield,Ma,500000.0,81000.0
369,Senior Data & Machine Learning Scientist,3.0,Tempus Labs,"Chicago, IL","Chicago, Il",501 - 1000,2015,Company - Private,Biotech & Pharmaceuticals,Biotech & Pharmaceuticals,Unknown / Non-Applicable,Unknown,0,0,100000,166000,IL,6.0,1,0,1,0,1,0,0,1,1,1,0,0,0,0,0,0,Machine Learning Engineer,Sr,P,Chicago,Il,500000.0,133000.0
370,Program/Data Analyst,3.4,General Dynamics Information Technology,"Washington, DC","Fairfax, Va",10000+,1996,Subsidiary Or Business Segment,It Services,Information Technology,$10+ billion (USD),"SAIC, Leidos, Northrop Grumman",0,0,55000,99000,DC,25.0,0,0,0,1,1,0,0,0,0,0,0,1,0,0,0,0,Analyst,Other,M,Washington,Dc,500000.0,77000.0
371,Data Engineer,4.1,Mantech,"Herndon, VA","Herndon, Va",5001 - 10000,1968,Company - Public,Research & Development,Business Services,$1 to $2 billion (USD),Unknown,0,0,67000,117000,VA,53.0,0,0,0,0,1,0,0,0,0,0,1,0,0,0,0,0,Data Engineer,Other,Unknown,Herndon,Va,500000.0,92000.0
372,Senior Data Scientist: Causal & Predictive Analytics Ai Innovation Lab,3.8,Novartis,"Cambridge, MA","Basel, Switzerland",10000+,1996,Company - Public,Biotech & Pharmaceuticals,Biotech & Pharmaceuticals,$10+ billion (USD),Unknown,0,0,92000,150000,MA,25.0,0,0,0,0,0,0,0,0,0,0,0,0,0,0,0,0,Data Scientist,Sr,Unknown,Cambridge,Ma,500000.0,121000.0
375,"Principal Data Engineer, Data Platform & Insights",4.0,Autodesk,"San Francisco, CA","San Rafael, Ca",5001 - 10000,1982,Company - Public,Computer Hardware & Software,Information Technology,$2 to $5 billion (USD),Unknown,0,0,116000,209000,CA,39.0,1,1,0,1,1,0,0,0,0,0,0,0,0,0,0,0,Data Engineer,Sr,Unknown,San Francisco,Ca,500000.0,162500.0
376,Research Scientist - Biological Safety,3.9,Southwest Research Institute,"San Antonio, TX","San Antonio, Tx",1001 - 5000,1947,Nonprofit Organization,Research & Development,Business Services,$500 million to $1 billion (USD),"Los Alamos National Laboratory, Battelle, SRI International",0,0,38000,82000,TX,74.0,0,0,0,0,0,0,0,0,0,0,0,0,0,0,0,0,Other Scientist,Other,Unknown,San Antonio,Tx,500000.0,60000.0
377,Data Operations Lead,3.7,Muso,"San Francisco, CA","San Francisco, Ca",201 - 500,1992,Nonprofit Organization,Unknown,Unknown,Unknown / Non-Applicable,Unknown,0,1,85000,90000,CA,29.0,1,0,0,1,1,0,0,0,0,0,0,1,0,0,0,0,Data Operations Lead,Sr,M,San Francisco,Ca,500000.0,87500.0
379,Big Data Engineer,4.4,Springml,"Indianapolis, IN","Pleasanton, Ca",Jan-50,2015,Company - Private,Enterprise Software & Network Solutions,Information Technology,Unknown / Non-Applicable,Unknown,0,0,62000,119000,IN,6.0,1,1,0,0,0,0,0,0,0,0,1,0,0,0,0,0,Data Engineer,Other,Unknown,Indianapolis,In,500000.0,90500.0
380,Data Scientist / Machine Learning Expert,3.8,Novartis,"Cambridge, MA","Basel, Switzerland",10000+,1996,Company - Public,Biotech & Pharmaceuticals,Biotech & Pharmaceuticals,$10+ billion (USD),Unknown,0,0,86000,143000,MA,25.0,1,0,0,0,0,0,0,1,1,0,0,0,0,0,0,0,Data Scientist,Other,Unknown,Cambridge,Ma,500000.0,114500.0
381,Data Scientist,3.8,Juniper Networks,"Sunnyvale, CA","Sunnyvale, Ca",5001 - 10000,1996,Company - Public,Telecommunications Services,Telecommunications,$2 to $5 billion (USD),Unknown,0,0,93000,149000,CA,25.0,1,1,0,1,1,0,1,0,1,1,0,0,0,0,1,0,Data Scientist,Other,M,Sunnyvale,Ca,500000.0,121000.0
382,Senior Data Scientist,2.2,The Integer Group,"Dallas, TX","Denver, Co",501 - 1000,1993,Subsidiary Or Business Segment,Advertising & Marketing,Business Services,$50 to $100 million (USD),"Geometry Global, TracyLocke, Saatchi & Saatchi X",0,0,84000,136000,TX,28.0,0,0,0,0,0,0,0,0,0,0,0,1,0,0,0,0,Data Scientist,Sr,M,Dallas,Tx,500000.0,110000.0
383,Pv Scientist,2.9,Karyopharm Therapeutics Inc.,"Newton, MA","Newton, Ma",201 - 500,1992,Company - Public,Biotech & Pharmaceuticals,Biotech & Pharmaceuticals,Unknown / Non-Applicable,Unknown,0,0,60000,123000,MA,29.0,0,0,0,1,0,0,0,0,0,0,0,0,0,0,0,0,Other Scientist,Other,P,Newton,Ma,500000.0,91500.0
384,Clinical Data Analyst,4.1,Mantech,"Portsmouth, VA","Herndon, Va",5001 - 10000,1968,Company - Public,Research & Development,Business Services,$1 to $2 billion (USD),Unknown,0,0,52000,89000,VA,53.0,0,0,0,0,0,0,0,0,0,0,0,0,0,0,0,0,Analyst,Other,Unknown,Portsmouth,Va,500000.0,70500.0
386,Data Engineer,3.7,P2 Energy Solutions,"Lafayette, LA","Denver, Co",501 - 1000,1992,Company - Private,Computer Hardware & Software,Information Technology,Unknown / Non-Applicable,Unknown,0,0,48000,93000,LA,29.0,0,0,0,1,1,0,0,0,0,0,0,0,0,0,0,0,Data Engineer,Other,Unknown,Lafayette,La,500000.0,70500.0
387,Computational Chemist/Data Scientist,3.8,Pnnl,"Richland, WA","Richland, Wa",1001 - 5000,1965,Government,Energy,"Oil, Gas, Energy & Utilities",$500 million to $1 billion (USD),"Oak Ridge National Laboratory, National Renewable Energy Lab, Los Alamos National Laboratory",0,0,56000,97000,WA,56.0,1,0,0,0,0,0,0,0,0,0,0,0,0,0,0,0,Data Scientist,Other,P,Richland,Wa,500000.0,76500.0
388,Data Engineer,3.6,Massmutual,"Springfield, MA","Springfield, Ma",5001 - 10000,1851,Company - Private,Insurance Carriers,Insurance,$10+ billion (USD),Unknown,0,0,65000,119000,MA,170.0,1,1,0,1,0,0,0,0,0,0,0,0,0,0,0,0,Data Engineer,Other,Unknown,Springfield,Ma,500000.0,92000.0
390,Principal Data Scientist (Computational Chemistry),4.7,Recursion Pharmaceuticals,"Salt Lake City, UT","Salt Lake City, Ut",51 - 200,2013,Company - Private,Biotech & Pharmaceuticals,Biotech & Pharmaceuticals,$1 to $5 million (USD),Unknown,0,0,108000,173000,UT,8.0,1,0,1,0,0,0,1,1,1,1,0,0,0,0,0,0,Data Scientist,Sr,Unknown,Salt Lake City,Ut,500000.0,140500.0
391,Product Engineer – Data Science,3.5,Esri,"Arlington, VA","Redlands, Ca",1001 - 5000,1969,Company - Private,Computer Hardware & Software,Information Technology,$1 to $2 billion (USD),Pitney Bowes,0,0,63000,101000,VA,52.0,1,0,0,0,1,0,0,0,0,0,0,0,0,0,0,0,Data Scientist,Other,M,Arlington,Va,500000.0,82000.0
392,"Principal Scientist, Chemistry & Immunology",3.3,Rochester Regional Health,"Rochester, NY","Rochester, Ny",10000+,2014,Hospital,Health Care Services & Hospitals,Health Care,$500 million to $1 billion (USD),Unknown,0,0,54000,115000,NY,7.0,0,0,0,0,0,0,0,0,0,0,0,0,0,0,0,0,Other Scientist,Sr,P,Rochester,Ny,500000.0,84500.0
394,"Scientist/Senior Scientist, Autoimmune",4.4,Rubius Therapeutics,"Cambridge, MA","Cambridge, Ma",201 - 500,2013,Company - Public,Biotech & Pharmaceuticals,Biotech & Pharmaceuticals,$100 to $500 million (USD),Unknown,0,0,90000,179000,MA,8.0,0,0,0,0,0,0,0,0,0,0,0,0,0,0,0,0,Other Scientist,Sr,P,Cambridge,Ma,500000.0,134500.0
396,Data Scientist,3.3,Samba Tv,"San Francisco, CA","San Francisco, Ca",201 - 500,2008,Company - Private,Advertising & Marketing,Business Services,Unknown / Non-Applicable,Unknown,0,0,127000,202000,CA,13.0,0,0,0,0,0,0,0,0,0,0,0,0,0,0,0,0,Data Scientist,Other,Unknown,San Francisco,Ca,500000.0,164500.0
397,Market Data Analyst,3.4,Sv Microwave,"West Palm Beach, FL","West Palm Beach, Fl",201 - 500,1991,Company - Public,Telecommunications Manufacturing,Telecommunications,$50 to $100 million (USD),Unknown,0,0,31000,57000,FL,30.0,0,0,0,0,0,0,0,0,0,0,0,0,0,0,0,0,Analyst,Other,M,West Palm Beach,Fl,500000.0,44000.0
398,Software Engineer - Data Visualization,4.0,Clearedge,"Annapolis Junction, MD","Annapolis Junction, Md",51 - 200,2002,Company - Private,Computer Hardware & Software,Information Technology,$5 to $10 million (USD),Unknown,0,0,60000,127000,MD,19.0,0,0,0,1,0,0,0,0,0,0,0,0,0,0,0,0,Software Engineer - Data Visualization,Other,M,Annapolis Junction,Md,500000.0,93500.0
399,Data Engineer,4.4,Springml,"Herndon, VA","Pleasanton, Ca",Jan-50,2015,Company - Private,Enterprise Software & Network Solutions,Information Technology,Unknown / Non-Applicable,Unknown,0,0,75000,143000,VA,6.0,1,1,0,0,0,0,0,0,0,0,1,0,0,0,0,0,Data Engineer,Other,Unknown,Herndon,Va,500000.0,109000.0
400,Staff Data Engineer,3.8,Sumo Logic,"Austin, TX","Redwood City, Ca",501 - 1000,2010,Company - Private,Computer Hardware & Software,Information Technology,Unknown / Non-Applicable,"Splunk, Datadog, Elastic",0,0,105000,194000,TX,11.0,0,1,1,0,0,0,0,0,0,0,0,0,0,0,0,0,Data Engineer,Other,M,Austin,Tx,500000.0,149500.0
401,Associate Data Engineer,3.5,Eab,"Washington, DC","Washington, Dc",1001 - 5000,2007,Company - Private,Research & Development,Business Services,Unknown / Non-Applicable,Unknown,0,0,45000,86000,DC,14.0,0,1,1,1,1,0,0,0,0,0,0,0,0,0,0,0,Data Engineer,Other,M,Washington,Dc,500000.0,65500.0
403,Senior Data Scientist,3.5,Brighthouse Financial,"Charlotte, NC","Charlotte, Nc",1001 - 5000,2017,Company - Public,Insurance Carriers,Insurance,Unknown / Non-Applicable,Unknown,0,0,95000,154000,NC,4.0,1,1,0,1,0,0,0,0,0,0,0,0,0,0,0,0,Data Scientist,Sr,M,Charlotte,Nc,500000.0,124500.0
406,Staff Bi And Data Engineer,2.9,Affinity Solutions,"San Jose, CA","New York, Ny",51 - 200,1998,Company - Private,Advertising & Marketing,Business Services,Unknown / Non-Applicable,"Commerce Signals, Cardlytics, Yodlee",0,0,80000,148000,CA,23.0,1,1,0,0,1,0,0,0,0,0,0,1,0,0,0,0,Data Engineer,Other,M,San Jose,Ca,500000.0,114000.0
407,Marketing Data Analyst,3.9,Citadel Federal Credit Union,"Exton, PA","Exton, Pa",501 - 1000,1937,Nonprofit Organization,Banks & Credit Unions,Finance,Unknown / Non-Applicable,"TruMark Financial, North Island Credit Union, CommunityAmerica Credit Union",0,0,36000,62000,PA,84.0,1,0,0,0,1,0,0,0,0,0,0,1,1,0,0,0,Analyst,Other,Unknown,Exton,Pa,500000.0,49000.0
409,"Principal Scientist, Hematology",3.3,Rochester Regional Health,"Rochester, NY","Rochester, Ny",10000+,2014,Hospital,Health Care Services & Hospitals,Health Care,$500 million to $1 billion (USD),Unknown,0,0,54000,115000,NY,7.0,0,0,0,0,0,0,0,0,0,0,0,0,0,0,0,0,Other Scientist,Sr,P,Rochester,Ny,500000.0,84500.0
410,Data Analyst,3.7,Calibre Systems,"Alexandria, VA","Alexandria, Va",501 - 1000,1989,Company - Private,It Services,Information Technology,$100 to $500 million (USD),"CSC, Booz Allen Hamilton, ManTech",0,0,50000,92000,VA,32.0,0,0,0,1,1,0,0,0,0,0,0,1,1,0,0,0,Analyst,Other,Unknown,Alexandria,Va,500000.0,71000.0
411,"Director - Data, Privacy And Ai Governance",3.6,Massmutual,"Boston, MA","Springfield, Ma",5001 - 10000,1851,Company - Private,Insurance Carriers,Insurance,$10+ billion (USD),Unknown,0,0,67000,135000,MA,170.0,0,0,0,0,0,0,0,0,0,0,0,0,0,0,0,0,Director,Other,Unknown,Boston,Ma,500000.0,101000.0
412,Data Scientist,3.5,Esri,"Redlands, CA","Redlands, Ca",1001 - 5000,1969,Company - Private,Computer Hardware & Software,Information Technology,$1 to $2 billion (USD),Pitney Bowes,0,0,82000,132000,CA,52.0,1,1,1,0,0,0,0,0,0,0,1,1,0,0,1,0,Data Scientist,Other,M,Redlands,Ca,500000.0,107000.0
413,Data Scientist,4.7,New England Biolabs,"Ipswich, MA","Ipswich, Ma",201 - 500,1974,Company - Private,Biotech & Pharmaceuticals,Biotech & Pharmaceuticals,Unknown / Non-Applicable,"Thermo Fisher Scientific, Enzymatics, Illumina",0,0,85000,140000,MA,47.0,1,0,0,1,0,0,0,0,0,0,0,0,0,0,0,0,Data Scientist,Other,Unknown,Ipswich,Ma,500000.0,112500.0
414,Staff Machine Learning Engineer,3.9,Tapjoy,"San Francisco, CA","San Francisco, Ca",201 - 500,2007,Company - Private,Internet,Information Technology,$10 to $25 million (USD),"FLURRY, Chartboost",0,0,138000,224000,CA,14.0,1,1,0,0,1,0,0,0,1,1,0,0,0,0,0,0,Machine Learning Engineer,Other,Unknown,San Francisco,Ca,500000.0,181000.0
415,Information Security Data Analyst,3.7,Motorola Solutions,"Chicago, IL","Chicago, Il",10000+,1928,Company - Public,Computer Hardware & Software,Information Technology,$5 to $10 billion (USD),"Cisco Systems, Huawei Technologies, IBM",0,0,42000,80000,IL,93.0,1,1,0,0,1,0,0,0,0,0,1,0,0,0,0,0,Analyst,Other,M,Chicago,Il,500000.0,61000.0
416,Lead Data Engineer,4.1,Credit Sesame,"Mountain View, CA","Mountain View, Ca",51 - 200,2010,Company - Private,Internet,Information Technology,$50 to $100 million (USD),"Credit Karma, LendUp, SoFi",0,0,190000,220000,CA,11.0,1,1,1,0,1,0,0,0,0,0,0,0,0,0,0,0,Data Engineer,Sr,Unknown,Mountain View,Ca,500000.0,205000.0
417,Scientist Manufacturing - Kentucky Bioprocessing,3.1,Reynolds American,"Owensboro, KY","Winston-Salem, Nc",5001 - 10000,1875,Company - Private,Consumer Products Manufacturing,Manufacturing,$10+ billion (USD),Unknown,0,0,68000,139000,KY,146.0,0,0,0,0,0,0,0,0,0,0,0,0,0,0,0,0,Other Scientist,Other,Unknown,Owensboro,Ky,500000.0,103500.0
419,Data Analytics Project Manager,3.6,Massmutual,"Springfield, MA","Springfield, Ma",5001 - 10000,1851,Company - Private,Insurance Carriers,Insurance,$10+ billion (USD),Unknown,0,0,34000,92000,MA,170.0,0,0,0,1,0,0,0,0,0,0,0,0,0,0,0,0,Data Scientist Project Manager,Other,M,Springfield,Ma,500000.0,63000.0
420,Consultant - Analytics Consulting,3.0,Infosys,"Hartford, CT","Bengaluru, India",10000+,1981,Company - Public,It Services,Information Technology,$10+ billion (USD),"Tata Consultancy Services, Accenture, Cognizant Technology Solutions",0,0,54000,71000,CT,40.0,0,0,0,1,0,0,0,0,0,0,0,0,0,0,0,0,Data Analitics,Other,Unknown,Hartford,Ct,500000.0,62500.0
421,Data Engineer,3.5,Alignment Healthcare,"Orange, CA","Orange, Ca",501 - 1000,2013,Company - Private,Health Care Services & Hospitals,Health Care,Unknown / Non-Applicable,Unknown,0,0,65000,124000,CA,8.0,1,1,1,1,1,0,0,0,0,0,1,0,0,0,0,0,Data Engineer,Other,M,Orange,Ca,500000.0,94500.0
425,Marketing Data Analyst,3.6,San Manuel Casino,"Highland, CA","Highland, Ca",1001 - 5000,1986,Company - Private,Gambling,"Arts, Entertainment & Recreation",$100 to $500 million (USD),Unknown,0,0,35000,62000,CA,35.0,0,0,0,1,1,1,0,0,0,0,0,1,0,0,0,1,Analyst,Other,M,Highland,Ca,500000.0,48500.0
426,Senior Scientist (Neuroscience),3.5,Sunovion,"Marlborough, MA","Marlborough, Ma",1001 - 5000,2010,Company - Private,Biotech & Pharmaceuticals,Biotech & Pharmaceuticals,$1 to $2 billion (USD),"Shire, GlaxoSmithKline, Allergan",0,0,109000,200000,MA,11.0,1,0,0,1,0,0,0,0,0,0,0,0,0,0,0,0,Other Scientist,Sr,P,Marlborough,Ma,500000.0,154500.0
427,Medical Laboratory Scientist,4.0,Texas Health Huguley Hospital,"Burleson, TX","Arlington, Tx",1001 - 5000,1977,Hospital,Health Care Services & Hospitals,Health Care,$50 to $100 million (USD),Unknown,1,0,37000,52000,TX,44.0,0,0,1,0,0,0,0,0,0,0,0,0,0,0,0,0,Other Scientist,Other,Unknown,Burleson,Tx,500000.0,44500.0
428,Machine Learning Engineer - Regulatory,3.7,Cboe Global Markets,"Lenexa, KS","Chicago, Il",501 - 1000,1973,Company - Public,Stock Exchanges,Finance,$500 million to $1 billion (USD),Unknown,0,0,61000,113000,KS,48.0,1,0,0,1,1,0,0,0,0,0,1,0,0,0,0,0,Machine Learning Engineer,Other,Unknown,Lenexa,Ks,500000.0,87000.0
429,R&D Specialist/ Food Scientist,2.4,Teasdale Latin Foods,"Hoopeston, IL","Flower Mound, Tx",501 - 1000,1992,Company - Private,Food & Beverage Manufacturing,Manufacturing,$100 to $500 million (USD),Unknown,0,0,39000,66000,IL,29.0,0,0,0,0,0,0,0,0,0,0,0,0,0,0,0,0,Other Scientist,Other,Unknown,Hoopeston,Il,500000.0,52500.0
430,Data Engineer,3.2,Guidepoint,"New York, NY","New York, Ny",501 - 1000,2003,Company - Private,Research & Development,Business Services,Unknown / Non-Applicable,"Coleman Research, AlphaSights, Third Bridge",0,0,43000,86000,NY,18.0,1,0,1,1,1,0,0,0,0,0,0,0,0,0,0,0,Data Engineer,Other,Unknown,New York,Ny,500000.0,64500.0
431,"Scientist, Bacteriology",2.1,Cerus Corporation,"Concord, CA","Concord, Ca",201 - 500,1992,Company - Public,Biotech & Pharmaceuticals,Biotech & Pharmaceuticals,$25 to $50 million (USD),Unknown,0,0,74000,149000,CA,29.0,0,0,0,1,0,0,0,0,0,0,0,0,0,0,0,0,Other Scientist,Other,P,Concord,Ca,500000.0,111500.0
433,"Associate Director, Platform And Devops- Data Engineering And Aritifical Intelligence",3.7,Takeda Pharmaceuticals,"Cambridge, MA","Osaka, Japan",10000+,1781,Company - Public,Biotech & Pharmaceuticals,Biotech & Pharmaceuticals,$10+ billion (USD),"Novartis, Baxter, Pfizer",0,0,113000,196000,MA,240.0,0,1,1,1,1,0,0,0,0,0,1,0,0,0,1,0,Data Engineer,Other,M,Cambridge,Ma,500000.0,154500.0
434,Senior Research Scientist-Machine Learning,2.6,Software Engineering Institute,"Pittsburgh, PA","Pittsburgh, Pa",501 - 1000,1984,College / University,Colleges & Universities,Education,Unknown / Non-Applicable,Unknown,0,0,81000,167000,PA,37.0,0,0,0,0,0,0,0,0,0,0,0,0,0,0,0,0,Machine Learning Engineer,Sr,P,Pittsburgh,Pa,500000.0,124000.0
435,Senior Data Scientist,4.4,Maven Wave Partners,"Chicago, IL","Chicago, Il",201 - 500,2008,Company - Private,Consulting,Business Services,$50 to $100 million (USD),Unknown,0,0,97000,160000,IL,13.0,1,0,1,1,1,0,0,0,0,0,1,1,0,0,0,0,Data Scientist,Sr,Unknown,Chicago,Il,500000.0,128500.0
437,Clinical Laboratory Scientist,3.7,Vail Health,"Vail, CO","Vail, Co",501 - 1000,1966,Hospital,Health Care Services & Hospitals,Health Care,$100 to $500 million (USD),Unknown,1,0,49000,81000,CO,55.0,0,0,0,0,0,0,0,0,0,0,0,0,0,0,0,0,Other Scientist,Other,Unknown,Vail,Co,500000.0,65000.0
442,Analytics Manager - Data Mart,3.5,Central California Alliance For Health,"Scotts Valley, CA","Scotts Valley, Ca",501 - 1000,1996,Nonprofit Organization,Health Care Services & Hospitals,Health Care,$500 million to $1 billion (USD),Unknown,0,0,42000,86000,CA,25.0,0,0,0,0,1,0,0,0,0,0,0,1,0,0,0,0,Data Scientist Project Manager,Other,Unknown,Scotts Valley,Ca,500000.0,64000.0
443,Sr. Data Engineer - Contract-To-Hire (Java),3.0,Pilot Flying J Travel Centers Llc,"Knoxville, TN","Knoxville, Tn",10000+,1958,Company - Private,Gas Stations,Retail,$10+ billion (USD),"TravelCenters of America, Love's Travel Stops & Country Stores, Wawa",0,0,69000,127000,TN,63.0,1,0,0,0,1,0,0,0,0,0,0,0,0,0,0,0,Data Engineer,Sr,M,Knoxville,Tn,500000.0,98000.0
444,Data Scientist - Algorithms & Inference,4.2,Nuna,"San Francisco, CA","San Francisco, Ca",51 - 200,2010,Company - Private,Enterprise Software & Network Solutions,Information Technology,Unknown / Non-Applicable,Unknown,0,0,110000,175000,CA,11.0,0,0,0,0,0,0,0,0,0,0,0,0,0,0,0,0,Data Scientist,Other,M,San Francisco,Ca,500000.0,142500.0
446,Senior Data Scientist - R&D Oncology,3.9,Astrazeneca,"New York, NY","Cambridge, United Kingdom",10000+,1913,Company - Public,Biotech & Pharmaceuticals,Biotech & Pharmaceuticals,$10+ billion (USD),"Roche, GlaxoSmithKline, Novartis",0,0,102000,172000,NY,108.0,1,0,0,0,0,0,0,0,0,0,0,0,0,0,0,0,Data Scientist,Sr,P,New York,Ny,500000.0,137000.0
447,Data Engineer,4.0,Pinnacol Assurance,"Denver, CO","Denver, Co",501 - 1000,1915,Nonprofit Organization,Insurance Carriers,Insurance,$500 million to $1 billion (USD),Unknown,0,0,74000,124000,CO,106.0,1,0,1,0,1,0,0,0,0,0,0,0,0,0,0,0,Data Engineer,Other,M,Denver,Co,500000.0,99000.0
448,Food Scientist - Developer,3.3,Palermo'S Pizza,"Milwaukee, WI","Milwaukee, Wi",501 - 1000,1964,Company - Private,Food & Beverage Manufacturing,Manufacturing,Unknown / Non-Applicable,Unknown,0,0,40000,68000,WI,57.0,0,0,0,0,0,0,0,0,0,0,0,0,0,0,0,0,Other Scientist,Other,Unknown,Milwaukee,Wi,500000.0,54000.0
449,Senior Data Scientist,4.4,Mathworks,"Natick, MA","Natick, Ma",1001 - 5000,1984,Company - Private,Computer Hardware & Software,Information Technology,$1 to $2 billion (USD),Unknown,0,0,108000,171000,MA,37.0,1,0,0,0,1,0,0,0,0,0,0,1,1,0,0,0,Data Scientist,Sr,M,Natick,Ma,500000.0,139500.0
450,Data Engineer,3.4,Metrostar Systems,"Rockville, MD","Reston, Va",201 - 500,1999,Company - Private,It Services,Information Technology,$25 to $50 million (USD),Unknown,0,0,76000,142000,MD,22.0,0,0,1,0,0,0,0,0,0,0,0,0,0,0,0,0,Data Engineer,Other,M,Rockville,Md,500000.0,109000.0
452,"Director Ii, Data Science - Grm Actuarial",3.3,Liberty Mutual Insurance,"Chicago, IL","Boston, Ma",10000+,1912,Company - Private,Insurance Carriers,Insurance,$10+ billion (USD),"Travelers, Allstate, State Farm",0,0,202000,306000,IL,109.0,1,0,0,0,0,1,0,0,0,0,0,0,0,0,0,0,Data Scientist,Other,M,Chicago,Il,500000.0,254000.0
454,"Scientist, Molecular/Cellular Biologist",2.9,Audentes Therapeutics,"South San Francisco, CA","San Francisco, Ca",201 - 500,2012,Subsidiary Or Business Segment,Biotech & Pharmaceuticals,Biotech & Pharmaceuticals,Unknown / Non-Applicable,"BioMarin Pharmaceutical, Sangamo Therapeutics, bluebird bio",0,0,49000,97000,CA,9.0,0,0,0,0,0,0,0,0,0,0,0,0,0,0,0,0,Other Scientist,Other,P,South San Francisco,Ca,500000.0,73000.0
455,Staff Scientist-Downstream Process Development,2.7,Advanced Bioscience Laboratories,"Rockville, MD","Rockville, Md",201 - 500,1961,Company - Private,Biotech & Pharmaceuticals,Biotech & Pharmaceuticals,$25 to $50 million (USD),Unknown,0,0,49000,113000,MD,60.0,0,0,0,1,0,0,0,0,0,0,0,0,0,0,0,0,Other Scientist,Other,P,Rockville,Md,500000.0,81000.0
456,Med Tech/Lab Scientist- South Coastal Lab,3.6,Beebe Healthcare,"Millville, DE","Lewes, De",1001 - 5000,1935,Nonprofit Organization,Health Care Services & Hospitals,Health Care,$100 to $500 million (USD),Unknown,1,0,43000,70000,DE,86.0,0,0,0,0,0,0,0,0,0,0,0,0,0,0,0,0,Other Scientist,Other,Unknown,Millville,De,500000.0,56500.0
458,Scientist - Analytical Services,3.1,Reynolds American,"Winston-Salem, NC","Winston-Salem, Nc",5001 - 10000,1875,Company - Private,Consumer Products Manufacturing,Manufacturing,$10+ billion (USD),Unknown,0,0,65000,134000,NC,146.0,0,0,0,1,0,0,0,0,0,0,0,0,0,0,0,0,Other Scientist,Other,Unknown,Winston-Salem,Nc,500000.0,99500.0
459,Associate Data Analyst- Graduate Development Program,3.3,National Interstate,"Richfield, OH","Richfield, Oh",501 - 1000,1989,Company - Private,Insurance Carriers,Insurance,$500 million to $1 billion (USD),Unknown,0,0,32000,59000,OH,32.0,0,0,0,0,0,0,0,0,0,0,0,0,0,0,0,0,Analyst,Other,Unknown,Richfield,Oh,500000.0,45500.0
461,Sr. Data Engineer,4.5,Moser Consulting,"Indianapolis, IN","Indianapolis, In",51 - 200,1996,Company - Private,Consulting,Business Services,$25 to $50 million (USD),Unknown,0,0,87000,158000,IN,25.0,1,1,1,0,1,0,0,0,0,0,1,0,0,0,1,0,Data Engineer,Sr,Unknown,Indianapolis,In,500000.0,122500.0
462,Senior Insurance Data Scientist,3.9,Transunion,"Chicago, IL","Chicago, Il",5001 - 10000,1968,Company - Public,Financial Analytics & Research,Finance,$1 to $2 billion (USD),Unknown,0,0,107000,173000,IL,53.0,1,0,0,1,1,1,0,0,0,0,0,0,0,0,0,0,Data Scientist,Sr,Unknown,Chicago,Il,500000.0,140000.0
463,Senior Data Science Systems Engineer,3.2,Mitre,"Hampton, VA","Bedford, Ma",5001 - 10000,1958,Nonprofit Organization,Federal Agencies,Government,$1 to $2 billion (USD),"Battelle, General Atomics, SAIC",0,0,56000,99000,VA,63.0,0,0,0,0,0,0,0,0,0,0,0,0,0,0,0,0,Data Scientist,Sr,P,Hampton,Va,500000.0,77500.0
464,Environmental Engineer/Scientist,3.3,Mcphail Associates,"Cambridge, MA","Cambridge, Ma",Jan-50,1976,Company - Private,Construction,"Construction, Repair & Maintenance",Unknown / Non-Applicable,Unknown,1,1,52000,58000,MA,45.0,0,0,0,1,0,0,0,0,0,0,0,0,0,0,0,0,Other Scientist,Other,Unknown,Cambridge,Ma,500000.0,55000.0
466,Senior Scientist - Regulatory Submissions,3.1,Reynolds American,"Winston-Salem, NC","Winston-Salem, Nc",5001 - 10000,1875,Company - Private,Consumer Products Manufacturing,Manufacturing,$10+ billion (USD),Unknown,0,0,80000,155000,NC,146.0,0,0,0,1,0,0,0,0,0,0,0,0,0,0,0,0,Other Scientist,Sr,M,Winston-Salem,Nc,500000.0,117500.0
467,Scientist - Biomarker And Flow Cytometry,2.4,Crown Bioscience,"San Diego, CA","San Diego, Ca",501 - 1000,2006,Company - Private,Biotech & Pharmaceuticals,Biotech & Pharmaceuticals,$50 to $100 million (USD),Unknown,0,0,43000,98000,CA,15.0,0,0,0,0,0,0,0,0,0,0,0,0,0,0,0,0,Other Scientist,Other,M,San Diego,Ca,500000.0,70500.0
468,Revenue Analytics Manager,4.8,Hover,"San Francisco, CA","San Francisco, Ca",51 - 200,2011,Company - Private,Computer Hardware & Software,Information Technology,$25 to $50 million (USD),Unknown,0,0,45000,78000,CA,10.0,0,0,0,1,1,0,0,0,0,0,0,1,0,0,0,0,Data Scientist Project Manager,Other,Unknown,San Francisco,Ca,500000.0,61500.0
469,"Associate Scientist, Lc/Ms Biologics",2.9,Q2 Solutions,"Ithaca, NY","Morrisville, Nc",1001 - 5000,2015,Company - Private,Biotech & Pharmaceuticals,Biotech & Pharmaceuticals,Unknown / Non-Applicable,Unknown,0,0,44000,96000,NY,6.0,0,0,0,1,0,0,0,0,0,0,0,0,0,0,0,0,Other Scientist,Other,Unknown,Ithaca,Ny,500000.0,70000.0
470,Sr. Scientist Method Development,2.9,Q2 Solutions,"Marietta, GA","Morrisville, Nc",1001 - 5000,2015,Company - Private,Biotech & Pharmaceuticals,Biotech & Pharmaceuticals,Unknown / Non-Applicable,Unknown,0,0,50000,110000,GA,6.0,0,0,0,1,0,0,0,0,0,0,0,0,0,0,0,0,Other Scientist,Sr,Unknown,Marietta,Ga,500000.0,80000.0
471,It - Data Engineer Ii,3.4,Arbella Insurance,"Quincy, MA","Quincy, Ma",1001 - 5000,1988,Company - Private,Insurance Carriers,Insurance,$100 to $500 million (USD),Unknown,0,0,61000,119000,MA,33.0,0,1,0,1,1,0,0,0,0,0,1,0,0,0,0,0,Data Engineer,Other,Unknown,Quincy,Ma,500000.0,90000.0
472,"Research Scientist, Immunology - Cancer Biology",3.7,Kronos Bio,"Cambridge, MA","San Mateo, Ca",Unknown,1992,Company - Private,Unknown,Unknown,Unknown / Non-Applicable,Unknown,0,1,100000,140000,MA,29.0,0,0,0,1,0,0,0,0,0,0,0,0,0,0,0,0,Other Scientist,Other,P,Cambridge,Ma,500000.0,120000.0
473,"Project Scientist - Auton Lab, Robotics Institute",2.6,Software Engineering Institute,"Pittsburgh, PA","Pittsburgh, Pa",501 - 1000,1984,College / University,Colleges & Universities,Education,Unknown / Non-Applicable,Unknown,0,0,56000,91000,PA,37.0,0,0,0,1,0,0,0,0,0,0,0,0,0,0,0,0,Other Scientist,Other,P,Pittsburgh,Pa,500000.0,73500.0
476,Data Scientist,3.8,Zimmerman Advertising,"Fort Lauderdale, FL","Fort Lauderdale, Fl",501 - 1000,1984,Subsidiary Or Business Segment,Advertising & Marketing,Business Services,Unknown / Non-Applicable,Unknown,0,0,68000,114000,FL,37.0,1,0,0,1,1,0,0,0,0,0,1,1,0,0,0,0,Data Scientist,Other,Unknown,Fort Lauderdale,Fl,500000.0,91000.0
477,Data Scientist,5.0,Bpa Services,"Washington, DC","Alexandria, Va",Unknown,1992,Company - Private,Enterprise Software & Network Solutions,Information Technology,Unknown / Non-Applicable,Unknown,0,1,150000,160000,DC,29.0,0,0,1,1,0,0,0,0,0,0,0,0,0,0,0,0,Data Scientist,Other,Unknown,Washington,Dc,500000.0,155000.0
479,"Enterprise Architect, Data",3.6,Massmutual,"Boston, MA","Springfield, Ma",5001 - 10000,1851,Company - Private,Insurance Carriers,Insurance,$10+ billion (USD),Unknown,0,0,101000,158000,MA,170.0,1,1,1,1,1,0,0,0,0,0,1,1,1,0,0,0,"Enterprise Architect, Data",Other,Unknown,Boston,Ma,500000.0,129500.0
482,"Senior Manager, Epidemiologic Data Scientist",4.0,Pfizer,"New York, NY","New York, Ny",10000+,1849,Company - Public,Biotech & Pharmaceuticals,Biotech & Pharmaceuticals,$10+ billion (USD),Unknown,0,0,125000,210000,NY,172.0,0,0,1,1,0,0,0,0,0,0,0,0,0,0,0,0,Data Scientist,Sr,M,New York,Ny,500000.0,167500.0
483,Corporate Risk Data Analyst (Sql_ Based) - Milwaukee Or,3.8,Associated Banc-Corp,"Green Bay, WI","Green Bay, Wi",1001 - 5000,1870,Company - Public,Banks & Credit Unions,Finance,$1 to $2 billion (USD),"Wells Fargo, BMO Harris Bank, U.S. Bank",0,0,43000,77000,WI,151.0,0,0,1,1,0,0,0,0,0,0,0,0,0,0,0,0,Analyst,Other,Unknown,Green Bay,Wi,500000.0,60000.0
485,Lead Data Scientist,3.9,Zest Ai,"Burbank, CA","Burbank, Ca",51 - 200,2009,Company - Private,Financial Analytics & Research,Finance,$50 to $100 million (USD),Unknown,0,0,139000,221000,CA,12.0,1,0,0,1,1,0,0,0,0,0,0,0,0,0,0,0,Data Scientist,Sr,M,Burbank,Ca,500000.0,180000.0
486,"Marketing Data Analyst, May 2020 Undergrad",3.8,Fareportal,"New York, NY","New York, Ny",1001 - 5000,2002,Company - Private,Travel Agencies,Travel & Tourism,$2 to $5 billion (USD),"Expedia Group, Orbitz Worldwide, Priceline.com",0,0,44000,86000,NY,19.0,0,0,0,1,1,1,0,0,0,0,0,0,0,0,0,0,Analyst,Other,Unknown,New York,Ny,500000.0,65000.0
487,Senior Data Engineer,4.3,Genesys,"Durham, NC","Daly City, Ca",5001 - 10000,1990,Company - Private,Computer Hardware & Software,Information Technology,$1 to $2 billion (USD),"Avaya, Five9, Salesforce",0,0,78000,147000,NC,31.0,1,1,1,0,0,0,0,0,0,0,1,0,0,1,0,0,Data Engineer,Sr,Unknown,Durham,Nc,500000.0,112500.0
488,Senior Data Analyst,1.9,Moda Operandi,"New York, NY","New York, Ny",201 - 500,2010,Company - Private,"Department, Clothing, & Shoe Stores",Retail,$100 to $500 million (USD),"YOOX NET-A-PORTER GROUP, Farfetch, MATCHESFASHION",0,0,65000,110000,NY,11.0,1,0,0,1,1,0,0,0,0,0,0,0,0,0,0,1,Analyst,Sr,Unknown,New York,Ny,500000.0,87500.0
489,Data Modeler - Data Solutions Engineer,3.3,Liberty Mutual Insurance,"Indianapolis, IN","Boston, Ma",10000+,1912,Company - Private,Insurance Carriers,Insurance,$10+ billion (USD),"Travelers, Allstate, State Farm",0,0,37000,66000,IN,109.0,1,0,0,1,1,0,0,0,0,0,0,0,1,0,0,0,Data Modeler,Other,M,Indianapolis,In,500000.0,51500.0
490,Associate Environmental Scientist - Wildlife Biologist,4.7,Qk,"Clovis, CA","Visalia, Ca",51 - 200,1972,Company - Private,Architectural & Engineering Services,Business Services,$10 to $25 million (USD),Unknown,0,0,38000,64000,CA,49.0,0,0,0,1,0,0,0,0,0,0,0,0,0,0,0,0,Other Scientist,Other,Unknown,Clovis,Ca,500000.0,51000.0
491,"Associate, Data Science, Internal Audit",3.1,Santander,"Boston, MA","Madrid, Spain",10000+,1856,Company - Private,Banks & Credit Unions,Finance,$10+ billion (USD),Unknown,0,0,43000,82000,MA,165.0,1,0,0,1,1,1,0,0,0,0,0,0,0,0,0,0,Data Scientist,Other,M,Boston,Ma,500000.0,62500.0
492,Sr Data Engineer (Sr Bi Developer),3.4,Tivity Health,"Chandler, AZ","Franklin, Tn",501 - 1000,1981,Company - Public,Health Care Services & Hospitals,Health Care,Unknown / Non-Applicable,Unknown,0,0,90000,110000,AZ,40.0,0,0,0,0,1,0,0,0,0,0,1,0,0,0,0,0,Data Engineer,Sr,Unknown,Chandler,Az,500000.0,100000.0
493,Data Engineer,4.4,Brmi,"Chantilly, VA","Washington, Dc",51 - 200,2004,Company - Private,It Services,Information Technology,Unknown / Non-Applicable,Unknown,0,0,61000,109000,VA,17.0,1,1,1,0,0,0,0,0,0,0,1,0,0,0,0,0,Data Engineer,Other,Unknown,Chantilly,Va,500000.0,85000.0
494,Senior Lidar Data Scientist,3.9,Luminar Technologies,"Orlando, FL","Orlando, Fl",201 - 500,2012,Company - Private,Computer Hardware & Software,Information Technology,Unknown / Non-Applicable,Unknown,0,0,93000,151000,FL,9.0,1,0,1,0,0,0,0,0,0,0,0,0,0,0,0,0,Data Scientist,Sr,M,Orlando,Fl,500000.0,122000.0
495,Salesforce Analytics Consultant,3.9,"Emtec, Inc.","Chicago, IL","Jacksonville, Fl",501 - 1000,1995,Company - Private,Enterprise Software & Network Solutions,Information Technology,$100 to $500 million (USD),Unknown,0,0,52000,81000,IL,26.0,1,0,0,0,1,1,0,0,0,0,0,1,1,0,0,0,Data Analitics,Other,M,Chicago,Il,500000.0,66500.0
496,"Technology-Minded, Data Professional Opportunities",4.7,Veterans United Home Loans,"Columbia, MO","Columbia, Mo",1001 - 5000,2002,Company - Private,Lending,Finance,Unknown / Non-Applicable,Unknown,0,0,40000,101000,MO,19.0,0,1,0,1,1,0,0,0,0,0,1,1,0,0,1,0,"Technology-Minded, Data Professional Opportunities",Other,Unknown,Columbia,Mo,500000.0,70500.0
497,Senior Data Engineer,4.7,Praetorian,"Austin, TX","Austin, Tx",51 - 200,2010,Company - Private,Security Services,Business Services,$10 to $25 million (USD),Unknown,0,0,97000,180000,TX,11.0,1,1,0,0,1,0,0,0,0,1,0,0,0,0,0,0,Data Engineer,Sr,Unknown,Austin,Tx,500000.0,138500.0
498,Managing Data Scientist/Ml Engineer,3.4,Pa Consulting,"Boston, MA","London, United Kingdom",1001 - 5000,1943,Company - Private,Consulting,Business Services,$100 to $500 million (USD),"McKinsey & Company, Accenture, Deloitte",0,0,81000,134000,MA,78.0,0,1,0,1,1,0,0,0,0,0,1,1,0,0,1,0,Data Scientist,Other,Unknown,Boston,Ma,500000.0,107500.0
499,"Scientist, Pharmacometrics",3.8,Agios Pharmaceuticals,"Cambridge, MA","Cambridge, Ma",501 - 1000,2008,Company - Public,Biotech & Pharmaceuticals,Biotech & Pharmaceuticals,$50 to $100 million (USD),Unknown,0,0,84000,157000,MA,13.0,0,0,0,0,0,1,0,0,0,0,0,0,0,0,0,0,Other Scientist,Other,M,Cambridge,Ma,500000.0,120500.0
500,Staff Scientist- Upstream Pd,2.7,Advanced Bioscience Laboratories,"Rockville, MD","Rockville, Md",201 - 500,1961,Company - Private,Biotech & Pharmaceuticals,Biotech & Pharmaceuticals,$25 to $50 million (USD),Unknown,0,0,49000,113000,MD,60.0,0,0,0,0,0,0,0,0,0,0,0,0,0,0,0,0,Other Scientist,Other,Unknown,Rockville,Md,500000.0,81000.0
501,Scientist Manufacturing Pharma - Kentucky Bioprocessing,3.1,Reynolds American,"Owensboro, KY","Winston-Salem, Nc",5001 - 10000,1875,Company - Private,Consumer Products Manufacturing,Manufacturing,$10+ billion (USD),Unknown,0,0,68000,139000,KY,146.0,0,0,0,0,0,0,0,0,0,0,0,0,0,0,0,0,Other Scientist,Other,Unknown,Owensboro,Ky,500000.0,103500.0
502,Sr. Data Engineer,3.4,Echo Global Logistics,"Chicago, IL","Chicago, Il",1001 - 5000,2005,Company - Public,Transportation Management,Transportation & Logistics,$2 to $5 billion (USD),"C.H. Robinson, Total Quality Logistics, Coyote Logistics",0,0,75000,140000,IL,16.0,0,0,0,0,1,0,0,0,0,0,0,0,0,0,0,0,Data Engineer,Sr,Unknown,Chicago,Il,500000.0,107500.0
505,Lead Big Data Engineer,4.0,Glassdoor,"San Francisco, CA","Mill Valley, Ca",1001 - 5000,2007,Company - Private,Internet,Information Technology,Unknown / Non-Applicable,"Indeed, LinkedIn",0,0,121000,203000,CA,14.0,1,1,1,1,0,0,0,0,0,0,1,0,0,0,0,0,Data Engineer,Sr,Unknown,San Francisco,Ca,500000.0,162000.0
506,Product Engineer – Spatial Data Science And Statistical Analysis,3.5,Esri,"Redlands, CA","Redlands, Ca",1001 - 5000,1969,Company - Private,Computer Hardware & Software,Information Technology,$1 to $2 billion (USD),Pitney Bowes,0,0,52000,85000,CA,52.0,1,1,0,1,0,0,0,1,1,1,0,0,0,0,0,0,Data Scientist,Other,M,Redlands,Ca,500000.0,68500.0
507,Sr Software Engineer (Data Scientist),3.4,Assurant,"Westlake, OH","New York, Ny",10000+,1978,Company - Public,Insurance Carriers,Insurance,$5 to $10 billion (USD),"Asurion, SquareTrade, National General Insurance",0,0,81000,140000,OH,43.0,0,0,0,1,1,0,0,1,0,1,0,0,0,0,0,0,Data Scientist,Sr,Unknown,Westlake,Oh,500000.0,110500.0
508,College Hire - Data Scientist - Open To December 2019 Graduates,3.7,Caterpillar,"Peoria, IL","Deerfield, Il",10000+,1925,Company - Public,Industrial Manufacturing,Manufacturing,$10+ billion (USD),"John Deere, Komatsu, CNH Industrial",0,0,63000,99000,IL,96.0,0,0,0,0,0,0,0,0,0,0,0,1,0,0,0,0,Data Scientist,Other,Unknown,Peoria,Il,500000.0,81000.0
509,Senior Data Scientist,4.3,Equity Residential,"Chicago, IL","Chicago, Il",1001 - 5000,1993,Company - Public,Real Estate,Real Estate,$2 to $5 billion (USD),"UDR, AvalonBay Communities, Essex Property Trust",0,0,110000,150000,IL,28.0,1,1,0,1,1,0,0,0,1,0,1,1,1,0,0,0,Data Scientist,Sr,M,Chicago,Il,500000.0,130000.0
510,Sr. Data Engineer (Etl Developer),3.7,F&G,"Des Moines, IA","Des Moines, Ia",201 - 500,1992,Subsidiary Or Business Segment,Insurance Carriers,Insurance,$100 to $500 million (USD),Unknown,0,0,83000,148000,IA,29.0,1,0,0,1,1,0,0,0,0,0,0,1,0,0,0,0,Data Engineer,Sr,Unknown,Des Moines,Ia,500000.0,115500.0
512,Senior Data Scientist Artificial Intelligence,3.8,Pnnl,"Richland, WA","Richland, Wa",1001 - 5000,1965,Government,Energy,"Oil, Gas, Energy & Utilities",$500 million to $1 billion (USD),"Oak Ridge National Laboratory, National Renewable Energy Lab, Los Alamos National Laboratory",0,0,60000,101000,WA,56.0,0,0,0,0,0,0,0,1,0,1,0,0,0,0,0,0,Data Scientist,Sr,M,Richland,Wa,500000.0,80500.0
516,Analytics - Business Assurance Data Analyst,4.6,Greatamerica Financial Services,"Cedar Rapids, IA","Cedar Rapids, Ia",501 - 1000,1992,Company - Private,Lending,Finance,$100 to $500 million (USD),Unknown,0,0,31000,55000,IA,29.0,0,0,0,1,1,0,0,0,0,0,0,1,0,0,0,0,Analyst,Other,Unknown,Cedar Rapids,Ia,500000.0,43000.0
517,"Associate Director/Director, Safety Scientist",4.4,Acceleron Pharma,"Cambridge, MA","Cambridge, Ma",201 - 500,2003,Company - Public,Biotech & Pharmaceuticals,Biotech & Pharmaceuticals,Unknown / Non-Applicable,Unknown,0,0,102000,178000,MA,18.0,0,0,0,1,0,0,0,0,0,0,0,0,0,0,0,0,Director,Other,P,Cambridge,Ma,500000.0,140000.0
518,"Senior Scientist, Cell Pharmacology/Assay Development",3.7,Kronos Bio,"Cambridge, MA","San Mateo, Ca",Unknown,1992,Company - Private,Unknown,Unknown,Unknown / Non-Applicable,Unknown,0,1,110000,130000,MA,29.0,0,0,0,0,0,0,0,0,0,0,0,0,0,0,0,0,Other Scientist,Sr,P,Cambridge,Ma,500000.0,120000.0
519,Data Analyst Senior,3.0,Amerihealth Caritas,"Philadelphia, PA","Philadelphia, Pa",5001 - 10000,1983,Company - Private,Insurance Carriers,Insurance,$5 to $10 billion (USD),"UnitedHealth Group, Molina Healthcare, Centene",0,0,48000,85000,PA,38.0,0,0,0,1,1,1,0,0,0,0,0,1,0,0,0,0,Analyst,Sr,M,Philadelphia,Pa,500000.0,66500.0
520,Lead Data Engineer (Python),4.7,Strategic Employment Partners,"San Francisco, CA","Los Angeles, Ca",51 - 200,2006,Company - Private,Staffing & Outsourcing,Business Services,$1 to $5 million (USD),Unknown,0,0,66000,123000,CA,15.0,1,0,1,0,0,0,0,0,0,0,0,0,0,0,0,0,Data Engineer,Sr,Unknown,San Francisco,Ca,500000.0,94500.0
521,Senior Data Scientist 4 Artificial Intelligence,3.8,Pnnl,"Seattle, WA","Richland, Wa",1001 - 5000,1965,Government,Energy,"Oil, Gas, Energy & Utilities",$500 million to $1 billion (USD),"Oak Ridge National Laboratory, National Renewable Energy Lab, Los Alamos National Laboratory",0,0,92000,146000,WA,56.0,0,0,0,0,0,0,0,1,0,1,0,0,0,0,0,0,Data Scientist,Sr,M,Seattle,Wa,500000.0,119000.0
522,Medical Lab Scientist - Mlt,3.2,Catholic Health Initiatives,"Omaha, NE","Englewood, Co",10000+,1996,Nonprofit Organization,Health Care Services & Hospitals,Health Care,$10+ billion (USD),"Dignity Health, Trinity Health",1,0,43000,60000,NE,25.0,0,0,0,0,0,0,0,0,0,0,0,0,0,0,0,0,Other Scientist,Other,Unknown,Omaha,Ne,500000.0,51500.0
523,"Senior Operations Data Analyst, Call Center Operations",2.7,Fleetcor,"Nashville, TN","Peachtree Corners, Ga",5001 - 10000,2000,Company - Public,Financial Transaction Processing,Finance,$2 to $5 billion (USD),Unknown,1,0,20000,35000,TN,21.0,0,0,0,1,0,0,0,0,0,0,0,1,0,0,0,0,Analyst,Sr,Unknown,Nashville,Tn,500000.0,27500.0
524,"Director Ii, Data Science - Grs Predictive Analytics",3.3,Liberty Mutual Insurance,"Chicago, IL","Boston, Ma",10000+,1912,Company - Private,Insurance Carriers,Insurance,$10+ billion (USD),"Travelers, Allstate, State Farm",0,0,150000,239000,IL,109.0,1,0,0,0,0,1,0,0,0,0,0,0,0,0,0,0,Data Scientist,Other,P,Chicago,Il,500000.0,194500.0
525,Research Computer Scientist - Research Engineer - Sr. Computer Scientist - Software Development,3.9,Southwest Research Institute,"San Antonio, TX","San Antonio, Tx",1001 - 5000,1947,Nonprofit Organization,Research & Development,Business Services,$500 million to $1 billion (USD),"Los Alamos National Laboratory, Battelle, SRI International",0,0,52000,91000,TX,74.0,1,0,1,1,1,0,0,0,0,0,0,0,0,0,0,0,Other Scientist,Sr,Unknown,San Antonio,Tx,500000.0,71500.0
526,Geospatial Software Developer And Data Scientist,3.7,Applied Research Laboratories,"Austin, TX","Austin, Tx",501 - 1000,1992,College / University,Colleges & Universities,Education,Unknown / Non-Applicable,Unknown,0,0,82000,129000,TX,29.0,1,0,1,0,0,0,1,1,1,1,0,0,0,0,0,0,Data Scientist,Other,Unknown,Austin,Tx,500000.0,105500.0
528,Senior Scientist - Toxicologist - Product Integrity (Stewardship),3.1,Reynolds American,"Winston-Salem, NC","Winston-Salem, Nc",5001 - 10000,1875,Company - Private,Consumer Products Manufacturing,Manufacturing,$10+ billion (USD),Unknown,0,0,47000,101000,NC,146.0,0,0,0,1,0,0,0,0,0,0,0,0,0,0,0,0,Other Scientist,Sr,M,Winston-Salem,Nc,500000.0,74000.0
530,Systems Engineer Ii - Data Analyst,3.7,Raytheon,"Huntsville, AL","Waltham, Ma",10000+,1922,Company - Public,Aerospace & Defense,Aerospace & Defense,$10+ billion (USD),Unknown,0,0,49000,76000,AL,99.0,0,0,0,1,0,0,0,0,0,0,0,0,0,0,0,0,Analyst,Other,Unknown,Huntsville,Al,500000.0,62500.0
532,Senior Research Analytical Scientist-Non-Targeted Analysis,4.3,Rti International,"Durham, NC","Research Triangle Park, Nc",1001 - 5000,1958,Nonprofit Organization,Research & Development,Business Services,$500 million to $1 billion (USD),"Westat, Abt Associates, Chemonics International",0,0,43000,88000,NC,63.0,0,0,0,0,0,0,0,0,0,0,0,0,0,0,0,0,Other Scientist,Sr,P,Durham,Nc,500000.0,65500.0
533,Director Data Science,3.6,Tranzact,"Fort Lee, NJ","Fort Lee, Nj",1001 - 5000,1989,Company - Private,Advertising & Marketing,Business Services,Unknown / Non-Applicable,Unknown,0,0,124000,199000,NJ,32.0,1,0,1,1,1,0,0,0,0,0,0,1,1,0,0,0,Data Scientist,Other,Unknown,Fort Lee,Nj,500000.0,161500.0
534,Sr Data Analyst - It,2.1,United Biosource,"Blue Bell, PA","Blue Bell, Pa",1001 - 5000,2003,Other Organization,Biotech & Pharmaceuticals,Biotech & Pharmaceuticals,$100 to $500 million (USD),"Covance, ICON",0,0,52000,93000,PA,18.0,0,0,0,1,1,0,0,0,0,0,0,1,0,0,0,0,Analyst,Sr,Unknown,Blue Bell,Pa,500000.0,72500.0
535,Senior Data Engineer,3.9,Figure Eight,"San Francisco, CA","San Francisco, Ca",51 - 200,2008,Company - Public,Computer Hardware & Software,Information Technology,$10 to $25 million (USD),Unknown,0,0,97000,181000,CA,13.0,1,0,1,1,0,0,0,0,0,0,0,0,0,0,0,0,Data Engineer,Sr,Unknown,San Francisco,Ca,500000.0,139000.0
537,Senior Data Engineer,3.9,Tapjoy,"San Francisco, CA","San Francisco, Ca",201 - 500,2007,Company - Private,Internet,Information Technology,$10 to $25 million (USD),"FLURRY, Chartboost",0,0,100000,173000,CA,14.0,0,0,0,0,1,0,0,0,0,0,0,0,0,0,0,0,Data Engineer,Sr,Unknown,San Francisco,Ca,500000.0,136500.0
538,Associate Machine Learning Engineer / Data Scientist May 2020 Undergrad,3.8,Fareportal,"New York, NY","New York, Ny",1001 - 5000,2002,Company - Private,Travel Agencies,Travel & Tourism,$2 to $5 billion (USD),"Expedia Group, Orbitz Worldwide, Priceline.com",0,0,53000,96000,NY,19.0,1,1,0,0,0,0,0,0,0,0,0,0,0,0,0,0,Data Scientist,Other,Unknown,New York,Ny,500000.0,74500.0
539,Senior Scientist - Biostatistician,3.1,Reynolds American,"Winston-Salem, NC","Winston-Salem, Nc",5001 - 10000,1875,Company - Private,Consumer Products Manufacturing,Manufacturing,$10+ billion (USD),Unknown,0,0,65000,96000,NC,146.0,0,0,0,1,0,0,0,0,0,0,0,0,0,0,0,0,Other Scientist,Sr,M,Winston-Salem,Nc,500000.0,80500.0
540,Data Scientist,3.5,Sartorius,"Albuquerque, NM","Gottingen, Germany",5001 - 10000,1870,Company - Public,Biotech & Pharmaceuticals,Biotech & Pharmaceuticals,$1 to $2 billion (USD),Unknown,0,0,56000,95000,NM,151.0,1,0,0,1,0,0,0,0,0,0,0,0,0,0,0,0,Data Scientist,Other,M,Albuquerque,Nm,500000.0,75500.0
541,Data Scientist,4.7,1904Labs,"Saint Louis, MO","Saint Louis, Mo",51 - 200,2016,Company - Private,It Services,Information Technology,Unknown / Non-Applicable,"Slalom, Daugherty Business Solutions",0,0,111000,176000,MO,5.0,1,1,0,0,1,0,1,0,1,1,0,0,0,0,0,0,Data Scientist,Other,Unknown,Saint Louis,Mo,500000.0,143500.0
542,Data Scientist,5.0,Royce Geospatial,"Springfield, VA","Arlington, Va",51 - 200,2014,Company - Private,Aerospace & Defense,Aerospace & Defense,$10 to $25 million (USD),Unknown,0,0,75000,127000,VA,7.0,1,0,0,0,1,1,0,0,0,0,0,0,0,0,0,0,Data Scientist,Other,Unknown,Springfield,Va,500000.0,101000.0
543,Data Engineer,3.6,Massmutual,"Springfield, MA","Springfield, Ma",5001 - 10000,1851,Company - Private,Insurance Carriers,Insurance,$10+ billion (USD),Unknown,0,0,65000,119000,MA,170.0,1,1,0,1,0,0,0,0,0,0,0,0,0,0,0,0,Data Engineer,Other,Unknown,Springfield,Ma,500000.0,92000.0
544,Computational Chemist/Data Scientist,3.8,Pnnl,"Richland, WA","Richland, Wa",1001 - 5000,1965,Government,Energy,"Oil, Gas, Energy & Utilities",$500 million to $1 billion (USD),"Oak Ridge National Laboratory, National Renewable Energy Lab, Los Alamos National Laboratory",0,0,56000,97000,WA,56.0,1,0,0,0,0,0,0,0,0,0,0,0,0,0,0,0,Data Scientist,Other,P,Richland,Wa,500000.0,76500.0
545,Principal Data Scientist (Computational Chemistry),4.7,Recursion Pharmaceuticals,"Salt Lake City, UT","Salt Lake City, Ut",51 - 200,2013,Company - Private,Biotech & Pharmaceuticals,Biotech & Pharmaceuticals,$1 to $5 million (USD),Unknown,0,0,108000,173000,UT,8.0,1,0,1,0,0,0,1,1,1,1,0,0,0,0,0,0,Data Scientist,Sr,Unknown,Salt Lake City,Ut,500000.0,140500.0
546,Data Scientist,3.6,Citi,"Jersey City, NJ","New York, Ny",10000+,1812,Company - Public,Investment Banking & Asset Management,Finance,$10+ billion (USD),Unknown,0,0,94000,139000,NJ,209.0,0,0,0,1,1,0,0,0,0,0,0,0,0,0,0,0,Data Scientist,Other,Unknown,Jersey City,Nj,500000.0,116500.0
548,Principal Machine Learning Scientist,4.7,Sage Intacct,"San Francisco, CA","San Jose, Ca",501 - 1000,1999,Subsidiary Or Business Segment,Computer Hardware & Software,Information Technology,Unknown / Non-Applicable,Unknown,0,0,176000,289000,CA,22.0,1,0,0,0,1,0,0,0,1,0,0,0,0,0,0,0,Machine Learning Engineer,Sr,P,San Francisco,Ca,500000.0,232500.0
549,Data Scientist,3.5,Scale Ai,"San Francisco, CA","San Francisco, Ca",51 - 200,2016,Company - Private,Enterprise Software & Network Solutions,Information Technology,Unknown / Non-Applicable,Unknown,0,0,92000,149000,CA,5.0,1,0,0,0,1,0,0,0,0,0,0,0,0,0,0,0,Data Scientist,Other,P,San Francisco,Ca,500000.0,120500.0
550,Product Engineer – Data Science,3.5,Esri,"Arlington, VA","Redlands, Ca",1001 - 5000,1969,Company - Private,Computer Hardware & Software,Information Technology,$1 to $2 billion (USD),Pitney Bowes,0,0,63000,101000,VA,52.0,1,0,0,0,1,0,0,0,0,0,0,0,0,0,0,0,Data Scientist,Other,M,Arlington,Va,500000.0,82000.0
552,"Principal Scientist, Chemistry & Immunology",3.3,Rochester Regional Health,"Rochester, NY","Rochester, Ny",10000+,2014,Hospital,Health Care Services & Hospitals,Health Care,$500 million to $1 billion (USD),Unknown,0,0,54000,115000,NY,7.0,0,0,0,0,0,0,0,0,0,0,0,0,0,0,0,0,Other Scientist,Sr,P,Rochester,Ny,500000.0,84500.0
554,Data Scientist,2.7,Change Healthcare,"Emeryville, CA","Nashville, Tn",10000+,2007,Company - Public,It Services,Information Technology,Unknown / Non-Applicable,Unknown,0,0,118000,188000,CA,14.0,1,1,1,0,1,0,1,1,0,1,0,0,0,0,0,0,Data Scientist,Other,P,Emeryville,Ca,500000.0,153000.0
555,Data Scientist,3.4,Mz,"Palo Alto, CA","Palo Alto, Ca",501 - 1000,2008,Company - Private,Internet,Information Technology,Unknown / Non-Applicable,Unknown,0,0,108000,146000,CA,13.0,1,1,0,0,1,0,0,0,0,0,1,0,0,0,0,0,Data Scientist,Other,M,Palo Alto,Ca,500000.0,127000.0
556,Data Scientist,4.7,Hg Insights,"Santa Barbara, CA","Santa Barbara, Ca",51 - 200,2010,Company - Private,Computer Hardware & Software,Information Technology,Unknown / Non-Applicable,Unknown,0,0,65000,106000,CA,11.0,1,1,0,1,1,0,0,0,1,1,1,0,0,0,0,0,Data Scientist,Other,P,Santa Barbara,Ca,500000.0,85500.0
557,Data Scientist,2.8,"1-800-Flowers.Com, Inc.","Carle Place, NY","Carle Place, Ny",1001 - 5000,1976,Company - Public,Wholesale,Business Services,$1 to $2 billion (USD),Unknown,0,0,55000,98000,NY,45.0,1,0,0,1,1,1,0,0,0,0,0,1,0,0,0,0,Data Scientist,Other,Unknown,Carle Place,Ny,500000.0,76500.0
558,Data Scientist,3.5,Cbs Interactive,"New York, NY","San Francisco, Ca",1001 - 5000,1992,Subsidiary Or Business Segment,Tv Broadcast & Cable Networks,Media,$500 million to $1 billion (USD),"NBCUniversal, Comcast, Netflix",0,0,94000,162000,NY,29.0,1,1,0,0,1,0,1,0,1,1,1,1,0,0,1,1,Data Scientist,Other,Unknown,New York,Ny,500000.0,128000.0
560,Data Engineer,3.2,"Numeric, Llc","King of Prussia, PA","Chadds Ford, Pa",Jan-50,1992,Company - Private,Staffing & Outsourcing,Business Services,$5 to $10 million (USD),Unknown,0,0,63000,120000,PA,29.0,1,1,1,1,1,0,0,0,0,0,1,0,0,0,0,0,Data Engineer,Other,Unknown,King Of Prussia,Pa,500000.0,91500.0
561,"Scientist/Senior Scientist, Autoimmune",4.4,Rubius Therapeutics,"Cambridge, MA","Cambridge, Ma",201 - 500,2013,Company - Public,Biotech & Pharmaceuticals,Biotech & Pharmaceuticals,$100 to $500 million (USD),Unknown,0,0,90000,179000,MA,8.0,0,0,0,0,0,0,0,0,0,0,0,0,0,0,0,0,Other Scientist,Sr,P,Cambridge,Ma,500000.0,134500.0
562,Data Scientist,3.3,Samba Tv,"San Francisco, CA","San Francisco, Ca",201 - 500,2008,Company - Private,Advertising & Marketing,Business Services,Unknown / Non-Applicable,Unknown,0,0,127000,202000,CA,13.0,0,0,0,0,0,0,0,0,0,0,0,0,0,0,0,0,Data Scientist,Other,Unknown,San Francisco,Ca,500000.0,164500.0
563,Software Engineer - Data Visualization,4.0,Clearedge,"Annapolis Junction, MD","Annapolis Junction, Md",51 - 200,2002,Company - Private,Computer Hardware & Software,Information Technology,$5 to $10 million (USD),Unknown,0,0,60000,127000,MD,19.0,0,0,0,1,0,0,0,0,0,0,0,0,0,0,0,0,Software Engineer - Data Visualization,Other,M,Annapolis Junction,Md,500000.0,93500.0
565,Market Data Analyst,3.4,Sv Microwave,"West Palm Beach, FL","West Palm Beach, Fl",201 - 500,1991,Company - Public,Telecommunications Manufacturing,Telecommunications,$50 to $100 million (USD),Unknown,0,0,31000,57000,FL,30.0,0,0,0,0,0,0,0,0,0,0,0,0,0,0,0,0,Analyst,Other,M,West Palm Beach,Fl,500000.0,44000.0
566,Staff Data Engineer,3.8,Sumo Logic,"Austin, TX","Redwood City, Ca",501 - 1000,2010,Company - Private,Computer Hardware & Software,Information Technology,Unknown / Non-Applicable,"Splunk, Datadog, Elastic",0,0,105000,194000,TX,11.0,0,1,1,0,0,0,0,0,0,0,0,0,0,0,0,0,Data Engineer,Other,M,Austin,Tx,500000.0,149500.0
567,Associate Data Engineer,3.5,Eab,"Washington, DC","Washington, Dc",1001 - 5000,2007,Company - Private,Research & Development,Business Services,Unknown / Non-Applicable,Unknown,0,0,45000,86000,DC,14.0,0,1,1,1,1,0,0,0,0,0,0,0,0,0,0,0,Data Engineer,Other,M,Washington,Dc,500000.0,65500.0
568,Data Engineer,4.4,Springml,"Herndon, VA","Pleasanton, Ca",Jan-50,2015,Company - Private,Enterprise Software & Network Solutions,Information Technology,Unknown / Non-Applicable,Unknown,0,0,75000,143000,VA,6.0,1,1,0,0,0,0,0,0,0,0,1,0,0,0,0,0,Data Engineer,Other,Unknown,Herndon,Va,500000.0,109000.0
570,Staff Data Engineer,3.7,Samsung Research America,"Mountain View, CA","Mountain View, Ca",1001 - 5000,1988,Subsidiary Or Business Segment,Computer Hardware & Software,Information Technology,$50 to $100 million (USD),"Sony, LG Electronics, Nokia",0,0,126000,228000,CA,33.0,1,1,1,0,1,0,0,0,0,0,1,0,0,1,1,0,Data Engineer,Other,P,Mountain View,Ca,500000.0,177000.0
572,Data Scientist,4.7,Systems & Technology Research,"Arlington, VA","Woburn, Ma",201 - 500,2010,Company - Private,Aerospace & Defense,Aerospace & Defense,$100 to $500 million (USD),Unknown,0,0,80000,134000,VA,11.0,1,1,0,1,1,0,0,1,1,1,1,0,0,0,0,0,Data Scientist,Other,P,Arlington,Va,500000.0,107000.0
573,Data Scientist,4.1,Netskope,"Santa Clara, CA","Santa Clara, Ca",501 - 1000,2012,Company - Private,Enterprise Software & Network Solutions,Information Technology,Unknown / Non-Applicable,"Skyhigh Networks, Zscaler, NortonLifeLock",0,0,120000,189000,CA,9.0,1,1,0,1,0,0,0,0,0,1,0,0,0,1,0,0,Data Scientist,Other,P,Santa Clara,Ca,500000.0,154500.0
575,Data Scientist,4.0,Lorven Technologies Inc,"Santa Clara, CA","Plainsboro, Nj",Jan-50,1992,Company - Private,Accounting,Accounting & Legal,Less than $1 million (USD),Unknown,0,0,85000,142000,CA,29.0,1,1,0,0,1,0,0,0,0,0,0,0,0,0,0,0,Data Scientist,Other,Unknown,Santa Clara,Ca,500000.0,113500.0
576,Senior Data Scientist,3.5,Brighthouse Financial,"Charlotte, NC","Charlotte, Nc",1001 - 5000,2017,Company - Public,Insurance Carriers,Insurance,Unknown / Non-Applicable,Unknown,0,0,95000,154000,NC,4.0,1,1,0,1,0,0,0,0,0,0,0,0,0,0,0,0,Data Scientist,Sr,M,Charlotte,Nc,500000.0,124500.0
577,Data Scientist,2.5,Caredx,"Brisbane, CA","Brisbane, Ca",Jan-50,1992,Company - Private,Biotech & Pharmaceuticals,Biotech & Pharmaceuticals,Unknown / Non-Applicable,Sequenom,0,0,111000,176000,CA,29.0,1,0,0,1,1,0,0,0,0,0,0,0,0,0,0,0,Data Scientist,Other,P,Brisbane,Ca,500000.0,143500.0
578,Data Scientist,3.9,Serigor Inc.,"San Francisco, CA","Baltimore, Md",Jan-50,1992,Company - Private,It Services,Information Technology,Less than $1 million (USD),Unknown,0,0,87000,140000,CA,29.0,1,0,0,0,1,0,0,0,0,0,0,0,0,0,0,0,Data Scientist,Other,M,San Francisco,Ca,500000.0,113500.0
579,Data Scientist,3.4,Leidos,"Springfield, VA","Reston, Va",10000+,1969,Company - Public,Aerospace & Defense,Aerospace & Defense,$10+ billion (USD),Unknown,0,0,76000,127000,VA,52.0,1,0,1,0,0,0,0,1,0,1,0,0,0,0,0,0,Data Scientist,Other,M,Springfield,Va,500000.0,101500.0
580,"Data Analyst, Performance Partnership",3.6,Beckman Coulter Diagnostics,"New York, NY","Brea, Ca",10000+,1935,Subsidiary Or Business Segment,Health Care Products Manufacturing,Manufacturing,$2 to $5 billion (USD),"Abbott Laboratories, Roche, Thermo Fisher Scientific",0,0,54000,92000,NY,86.0,0,0,1,1,1,0,0,0,0,0,0,1,1,0,0,0,Analyst,Other,Unknown,New York,Ny,500000.0,73000.0
582,Data Scientist,3.5,Ihs Markit,"New York, NY","London, United Kingdom",10000+,2016,Company - Public,Consulting,Business Services,$2 to $5 billion (USD),"Thomson Reuters, International Data Group",0,0,61000,100000,NY,5.0,1,0,1,0,1,0,0,0,0,0,0,0,0,0,0,0,Data Scientist,Other,M,New York,Ny,500000.0,80500.0
583,Data Scientist,3.7,Alin,"New York, NY","Noida, India",Unknown,1992,Company - Private,Unknown,Unknown,Unknown / Non-Applicable,Unknown,0,0,81000,140000,NY,29.0,1,0,0,0,1,0,0,0,0,1,0,0,0,0,0,0,Data Scientist,Other,M,New York,Ny,500000.0,110500.0
585,Staff Bi And Data Engineer,2.9,Affinity Solutions,"San Jose, CA","New York, Ny",51 - 200,1998,Company - Private,Advertising & Marketing,Business Services,Unknown / Non-Applicable,"Commerce Signals, Cardlytics, Yodlee",0,0,80000,148000,CA,23.0,1,1,0,0,1,0,0,0,0,0,0,1,0,0,0,0,Data Engineer,Other,M,San Jose,Ca,500000.0,114000.0
586,Data Scientist,3.5,E-It Professionals Corp.,"Foster City, CA","Canton, Mi",51 - 200,1992,Company - Private,"Health, Beauty, & Fitness",Consumer Services,$5 to $10 million (USD),Unknown,0,0,108000,171000,CA,29.0,1,0,0,0,1,0,0,0,0,0,0,0,0,0,0,0,Data Scientist,Other,Unknown,Foster City,Ca,500000.0,139500.0
587,Data Scientist,4.8,Techprojects,"New York, NY","North Brunswick, Nj",Jan-50,2011,Company - Private,It Services,Information Technology,Unknown / Non-Applicable,Unknown,0,0,112000,179000,NY,10.0,1,0,0,1,1,0,0,0,0,0,0,1,0,0,0,0,Data Scientist,Other,Unknown,New York,Ny,500000.0,145500.0
588,Data Scientist,4.0,Biz2Credit Inc,"New York, NY","New York, Ny",201 - 500,2007,Company - Private,Lending,Finance,$100 to $500 million (USD),"Fundera, Bond Street, OnDeck",0,0,63000,111000,NY,14.0,0,0,0,1,0,0,0,0,0,0,0,0,0,0,0,0,Data Scientist,Other,Unknown,New York,Ny,500000.0,87000.0
589,Data Scientist,4.2,Peoplesbank,"Holyoke, MA","Holyoke, Ma",201 - 500,1885,Company - Private,Banks & Credit Unions,Finance,$50 to $100 million (USD),Unknown,0,0,75000,126000,MA,136.0,0,0,0,1,1,0,0,0,0,0,0,0,0,0,0,0,Data Scientist,Other,M,Holyoke,Ma,500000.0,100500.0
590,Data Scientist Manager,3.8,Capgemini,"New York, NY","Paris, France",10000+,1967,Company - Public,Enterprise Software & Network Solutions,Information Technology,$10+ billion (USD),"Accenture, CGI, Sopra Steria",0,0,110000,184000,NY,54.0,1,1,0,1,1,1,0,0,1,0,1,0,0,0,1,0,Data Scientist,Other,M,New York,Ny,500000.0,147000.0
591,Data Engineer,3.7,Gny Insurance Companies,"New York, NY","New York, Ny",201 - 500,1914,Company - Private,Insurance Carriers,Insurance,$100 to $500 million (USD),"Travelers, Chubb, Crum & Forster",0,0,76000,145000,NY,107.0,1,0,0,1,1,0,0,0,0,0,0,0,0,0,0,0,Data Engineer,Other,M,New York,Ny,500000.0,110500.0
594,Marketing Data Analyst,3.9,Citadel Federal Credit Union,"Exton, PA","Exton, Pa",501 - 1000,1937,Nonprofit Organization,Banks & Credit Unions,Finance,Unknown / Non-Applicable,"TruMark Financial, North Island Credit Union, CommunityAmerica Credit Union",0,0,36000,62000,PA,84.0,1,0,0,0,1,0,0,0,0,0,0,1,1,0,0,0,Analyst,Other,Unknown,Exton,Pa,500000.0,49000.0
595,Data Scientist,4.6,"Conch Technologies, Inc","Waltham, MA","Memphis, Tn",51 - 200,1992,Company - Private,Consulting,Business Services,$5 to $10 million (USD),Unknown,0,0,70000,118000,MA,29.0,1,1,1,0,1,0,0,0,0,0,1,1,1,0,0,0,Data Scientist,Other,M,Waltham,Ma,500000.0,94000.0
597,Senior Data Scientist,4.3,Medidata Solutions,"New York, NY","New York, Ny",1001 - 5000,1999,Company - Public,Enterprise Software & Network Solutions,Information Technology,$500 million to $1 billion (USD),Oracle,0,0,94000,153000,NY,22.0,1,0,1,0,1,0,0,0,0,0,0,0,0,0,0,0,Data Scientist,Sr,M,New York,Ny,500000.0,123500.0
599,"Principal Scientist, Hematology",3.3,Rochester Regional Health,"Rochester, NY","Rochester, Ny",10000+,2014,Hospital,Health Care Services & Hospitals,Health Care,$500 million to $1 billion (USD),Unknown,0,0,54000,115000,NY,7.0,0,0,0,0,0,0,0,0,0,0,0,0,0,0,0,0,Other Scientist,Sr,P,Rochester,Ny,500000.0,84500.0
600,Data Analyst,3.7,Calibre Systems,"Alexandria, VA","Alexandria, Va",501 - 1000,1989,Company - Private,It Services,Information Technology,$100 to $500 million (USD),"CSC, Booz Allen Hamilton, ManTech",0,0,50000,92000,VA,32.0,0,0,0,1,1,0,0,0,0,0,0,1,1,0,0,0,Analyst,Other,Unknown,Alexandria,Va,500000.0,71000.0
601,Software Data Engineer - College,4.0,Hp Inc.,"Corvallis, OR","Palo Alto, Ca",10000+,1939,Company - Public,Computer Hardware & Software,Information Technology,Unknown / Non-Applicable,Unknown,0,0,49000,97000,OR,82.0,0,0,0,0,1,0,0,0,0,0,0,0,0,0,0,0,Data Engineer,Other,M,Corvallis,Or,500000.0,73000.0
602,"Director - Data, Privacy And Ai Governance",3.6,Massmutual,"Boston, MA","Springfield, Ma",5001 - 10000,1851,Company - Private,Insurance Carriers,Insurance,$10+ billion (USD),Unknown,0,0,67000,135000,MA,170.0,0,0,0,0,0,0,0,0,0,0,0,0,0,0,0,0,Director,Other,Unknown,Boston,Ma,500000.0,101000.0
603,Staff Machine Learning Engineer,3.9,Tapjoy,"San Francisco, CA","San Francisco, Ca",201 - 500,2007,Company - Private,Internet,Information Technology,$10 to $25 million (USD),"FLURRY, Chartboost",0,0,138000,224000,CA,14.0,1,1,0,0,1,0,0,0,1,1,0,0,0,0,0,0,Machine Learning Engineer,Other,Unknown,San Francisco,Ca,500000.0,181000.0
604,Data Scientist,3.7,Northrop Grumman,"San Diego, CA","Falls Church, Va",10000+,1939,Company - Public,Aerospace & Defense,Aerospace & Defense,$10+ billion (USD),Unknown,0,0,80000,139000,CA,82.0,0,0,0,1,1,0,0,0,0,0,0,1,0,0,0,0,Data Scientist,Other,Unknown,San Diego,Ca,500000.0,109500.0
605,Lead Data Scientist,3.7,Visa Inc.,"Bellevue, WA","Foster City, Ca",10000+,1958,Company - Public,It Services,Information Technology,$10+ billion (USD),"American Express, Mastercard, Discover",0,0,158000,211000,WA,63.0,1,0,0,1,1,1,0,0,0,0,0,1,0,0,0,0,Data Scientist,Sr,Unknown,Bellevue,Wa,500000.0,184500.0
606,Senior Data Scientist - Algorithms,3.9,Quartet Health,"New York, NY","New York, Ny",201 - 500,2014,Company - Private,Enterprise Software & Network Solutions,Information Technology,Unknown / Non-Applicable,Unknown,0,0,150000,180000,NY,7.0,1,0,0,0,0,0,0,0,1,0,1,0,0,0,0,0,Data Scientist,Sr,M,New York,Ny,500000.0,165000.0
607,Information Security Data Analyst,3.7,Motorola Solutions,"Chicago, IL","Chicago, Il",10000+,1928,Company - Public,Computer Hardware & Software,Information Technology,$5 to $10 billion (USD),"Cisco Systems, Huawei Technologies, IBM",0,0,42000,80000,IL,93.0,1,1,0,0,1,0,0,0,0,0,1,0,0,0,0,0,Analyst,Other,M,Chicago,Il,500000.0,61000.0
608,Lead Data Engineer,4.1,Credit Sesame,"Mountain View, CA","Mountain View, Ca",51 - 200,2010,Company - Private,Internet,Information Technology,$50 to $100 million (USD),"Credit Karma, LendUp, SoFi",0,0,190000,220000,CA,11.0,1,1,1,0,1,0,0,0,0,0,0,0,0,0,0,0,Data Engineer,Sr,Unknown,Mountain View,Ca,500000.0,205000.0
609,Data Analyst,3.1,Success Academy Charter Schools,"New York, NY","New York, Ny",1001 - 5000,2006,School / School District,K-12 Education,Education,$100 to $500 million (USD),Unknown,0,0,42000,77000,NY,15.0,1,0,0,1,1,0,0,0,0,0,0,0,0,0,0,0,Analyst,Other,Unknown,New York,Ny,500000.0,59500.0
610,Scientist Manufacturing - Kentucky Bioprocessing,3.1,Reynolds American,"Owensboro, KY","Winston-Salem, Nc",5001 - 10000,1875,Company - Private,Consumer Products Manufacturing,Manufacturing,$10+ billion (USD),Unknown,0,0,68000,139000,KY,146.0,0,0,0,0,0,0,0,0,0,0,0,0,0,0,0,0,Other Scientist,Other,Unknown,Owensboro,Ky,500000.0,103500.0
613,Consultant - Analytics Consulting,3.0,Infosys,"Hartford, CT","Bengaluru, India",10000+,1981,Company - Public,It Services,Information Technology,$10+ billion (USD),"Tata Consultancy Services, Accenture, Cognizant Technology Solutions",0,0,54000,71000,CT,40.0,0,0,0,1,0,0,0,0,0,0,0,0,0,0,0,0,Data Analitics,Other,Unknown,Hartford,Ct,500000.0,62500.0
614,Data Analytics Project Manager,3.6,Massmutual,"Springfield, MA","Springfield, Ma",5001 - 10000,1851,Company - Private,Insurance Carriers,Insurance,$10+ billion (USD),Unknown,0,0,34000,92000,MA,170.0,0,0,0,1,0,0,0,0,0,0,0,0,0,0,0,0,Data Scientist Project Manager,Other,M,Springfield,Ma,500000.0,63000.0
616,Data Analyst,3.6,Axion Healthcare Solutions,"New York, NY","New York, Ny",Jan-50,1980,Company - Private,Health Care Services & Hospitals,Health Care,$10 to $25 million (USD),"The Execu|Search Group, Prime Staffing",0,0,47000,85000,NY,41.0,0,0,0,1,0,0,0,0,0,0,0,0,0,0,0,0,Analyst,Other,Unknown,New York,Ny,500000.0,66000.0
617,Data Engineer,3.5,Alignment Healthcare,"Orange, CA","Orange, Ca",501 - 1000,2013,Company - Private,Health Care Services & Hospitals,Health Care,Unknown / Non-Applicable,Unknown,0,0,65000,124000,CA,8.0,1,1,1,1,1,0,0,0,0,0,1,0,0,0,0,0,Data Engineer,Other,M,Orange,Ca,500000.0,94500.0
619,Data Scientist,4.2,Execonline,"New York, NY","New York, Ny",51 - 200,2012,Company - Private,Education Training Services,Education,Unknown / Non-Applicable,"Harvard Business School, Coursera, edX",0,0,56000,95000,NY,9.0,1,0,1,0,1,0,0,0,0,0,1,1,0,0,0,0,Data Scientist,Other,Unknown,New York,Ny,500000.0,75500.0
622,Machine Learning Engineer,4.0,Mteq,"Fort Belvoir, VA","Lorton, Va",501 - 1000,1954,Company - Public,Aerospace & Defense,Aerospace & Defense,$100 to $500 million (USD),"Harris, Fibertek",0,0,62000,112000,VA,67.0,1,0,0,0,0,0,0,0,0,0,0,0,0,0,0,0,Machine Learning Engineer,Other,Unknown,Fort Belvoir,Va,500000.0,87000.0
623,Senior Data Scientist Oncology,3.9,Astrazeneca,"Gaithersburg, MD","Cambridge, United Kingdom",10000+,1913,Company - Public,Biotech & Pharmaceuticals,Biotech & Pharmaceuticals,$10+ billion (USD),"Roche, GlaxoSmithKline, Novartis",0,0,107000,173000,MD,108.0,1,0,0,1,0,0,0,0,0,0,0,0,0,0,0,0,Data Scientist,Sr,P,Gaithersburg,Md,500000.0,140000.0
624,Data Scientist,3.7,Brillient,"Silver Spring, MD","Reston, Va",201 - 500,2006,Company - Private,It Services,Information Technology,$25 to $50 million (USD),Unknown,0,0,64000,108000,MD,15.0,1,0,0,1,0,1,0,0,0,0,0,0,0,0,0,0,Data Scientist,Other,M,Silver Spring,Md,500000.0,86000.0
625,Senior Data Scientist,4.4,Entefy,"Palo Alto, CA","Palo Alto, Ca",Jan-50,2012,Company - Private,Internet,Information Technology,Unknown / Non-Applicable,Unknown,0,0,89000,144000,CA,9.0,1,0,0,0,1,0,0,0,0,0,0,0,0,0,0,0,Data Scientist,Sr,M,Palo Alto,Ca,500000.0,116500.0
627,Senior Scientist (Neuroscience),3.5,Sunovion,"Marlborough, MA","Marlborough, Ma",1001 - 5000,2010,Company - Private,Biotech & Pharmaceuticals,Biotech & Pharmaceuticals,$1 to $2 billion (USD),"Shire, GlaxoSmithKline, Allergan",0,0,109000,200000,MA,11.0,1,0,0,1,0,0,0,0,0,0,0,0,0,0,0,0,Other Scientist,Sr,P,Marlborough,Ma,500000.0,154500.0
629,Machine Learning Engineer - Regulatory,3.7,Cboe Global Markets,"Lenexa, KS","Chicago, Il",501 - 1000,1973,Company - Public,Stock Exchanges,Finance,$500 million to $1 billion (USD),Unknown,0,0,61000,113000,KS,48.0,1,0,0,1,1,0,0,0,0,0,1,0,0,0,0,0,Machine Learning Engineer,Other,Unknown,Lenexa,Ks,500000.0,87000.0
630,Marketing Data Analyst,3.6,San Manuel Casino,"Highland, CA","Highland, Ca",1001 - 5000,1986,Company - Private,Gambling,"Arts, Entertainment & Recreation",$100 to $500 million (USD),Unknown,0,0,35000,62000,CA,35.0,0,0,0,1,1,1,0,0,0,0,0,1,0,0,0,1,Analyst,Other,M,Highland,Ca,500000.0,48500.0
631,Data Engineer,3.4,Trace3,"Houston, TX","Irvine, Ca",501 - 1000,2002,Company - Private,It Services,Information Technology,$1 to $2 billion (USD),"World Wide Technology, Presidio, Optiv",0,0,55000,105000,TX,19.0,1,1,0,1,1,0,0,0,0,0,1,0,0,0,0,0,Data Engineer,Other,Unknown,Houston,Tx,500000.0,80000.0
632,Medical Laboratory Scientist,4.0,Texas Health Huguley Hospital,"Burleson, TX","Arlington, Tx",1001 - 5000,1977,Hospital,Health Care Services & Hospitals,Health Care,$50 to $100 million (USD),Unknown,1,0,37000,52000,TX,44.0,0,0,1,0,0,0,0,0,0,0,0,0,0,0,0,0,Other Scientist,Other,Unknown,Burleson,Tx,500000.0,44500.0
633,R&D Specialist/ Food Scientist,2.4,Teasdale Latin Foods,"Hoopeston, IL","Flower Mound, Tx",501 - 1000,1992,Company - Private,Food & Beverage Manufacturing,Manufacturing,$100 to $500 million (USD),Unknown,0,0,39000,66000,IL,29.0,0,0,0,0,0,0,0,0,0,0,0,0,0,0,0,0,Other Scientist,Other,Unknown,Hoopeston,Il,500000.0,52500.0
634,Principal Data Scientist,3.7,Northrop Grumman,"San Jose, CA","Falls Church, Va",10000+,1939,Company - Public,Aerospace & Defense,Aerospace & Defense,$10+ billion (USD),Unknown,0,0,135000,211000,CA,82.0,1,0,0,0,0,0,0,0,0,0,0,0,0,0,0,0,Data Scientist,Sr,M,San Jose,Ca,500000.0,173000.0
635,Data Engineer,3.5,Saama Technologies Inc,"Phoenix, AZ","Campbell, Ca",501 - 1000,1997,Company - Private,Biotech & Pharmaceuticals,Biotech & Pharmaceuticals,Unknown / Non-Applicable,"Accenture, Deloitte, IBM",0,0,57000,80000,AZ,24.0,1,1,0,0,0,0,0,0,0,0,0,0,0,0,0,0,Data Engineer,Other,Unknown,Phoenix,Az,500000.0,68500.0
636,Data Scientist - Alpha Insights,4.4,Two Sigma,"New York, NY","New York, Ny",1001 - 5000,2001,Company - Private,Investment Banking & Asset Management,Finance,Unknown / Non-Applicable,Unknown,0,0,129000,215000,NY,20.0,0,0,0,0,0,0,0,0,0,0,0,0,0,0,0,0,Data Scientist,Other,P,New York,Ny,500000.0,172000.0
637,"Data Scientist, Office Of Data Science",3.3,Liberty Mutual Insurance,"Boston, MA","Boston, Ma",10000+,1912,Company - Private,Insurance Carriers,Insurance,$10+ billion (USD),"Travelers, Allstate, State Farm",0,0,86000,143000,MA,109.0,1,0,0,0,0,0,0,0,0,0,0,0,0,0,0,0,Data Scientist,Other,Unknown,Boston,Ma,500000.0,114500.0
638,"Associate Principal Scientist, Pharmacogenomics",3.9,Astrazeneca,"Gaithersburg, MD","Cambridge, United Kingdom",10000+,1913,Company - Public,Biotech & Pharmaceuticals,Biotech & Pharmaceuticals,$10+ billion (USD),"Roche, GlaxoSmithKline, Novartis",0,0,63000,127000,MD,108.0,0,0,0,0,0,0,0,0,0,0,0,0,0,0,0,0,Other Scientist,Sr,P,Gaithersburg,Md,500000.0,95000.0
639,Data Scientist - Systems Engineering,3.2,Mitre,"Bedford, MA","Bedford, Ma",5001 - 10000,1958,Nonprofit Organization,Federal Agencies,Government,$1 to $2 billion (USD),"Battelle, General Atomics, SAIC",0,0,50000,89000,MA,63.0,1,0,0,1,1,1,0,0,0,0,0,1,0,0,1,0,Data Scientist,Other,Unknown,Bedford,Ma,500000.0,69500.0
640,Data Engineer,3.2,Guidepoint,"New York, NY","New York, Ny",501 - 1000,2003,Company - Private,Research & Development,Business Services,Unknown / Non-Applicable,"Coleman Research, AlphaSights, Third Bridge",0,0,43000,86000,NY,18.0,1,0,1,1,1,0,0,0,0,0,0,0,0,0,0,0,Data Engineer,Other,Unknown,New York,Ny,500000.0,64500.0
642,"Scientist, Bacteriology",2.1,Cerus Corporation,"Concord, CA","Concord, Ca",201 - 500,1992,Company - Public,Biotech & Pharmaceuticals,Biotech & Pharmaceuticals,$25 to $50 million (USD),Unknown,0,0,74000,149000,CA,29.0,0,0,0,1,0,0,0,0,0,0,0,0,0,0,0,0,Other Scientist,Other,P,Concord,Ca,500000.0,111500.0
643,Data Scientist,4.0,Strategic Financial Solutions,"New York, NY","New York, Ny",501 - 1000,2007,Company - Private,Consumer Product Rental,Consumer Services,Unknown / Non-Applicable,"National Debt Relief, Freedom Financial Network",0,0,71000,124000,NY,14.0,1,0,0,1,1,0,0,0,0,0,0,0,0,0,0,0,Data Scientist,Other,Unknown,New York,Ny,500000.0,97500.0
644,"Associate Director, Platform And Devops- Data Engineering And Aritifical Intelligence",3.7,Takeda Pharmaceuticals,"Cambridge, MA","Osaka, Japan",10000+,1781,Company - Public,Biotech & Pharmaceuticals,Biotech & Pharmaceuticals,$10+ billion (USD),"Novartis, Baxter, Pfizer",0,0,113000,196000,MA,240.0,0,1,1,1,1,0,0,0,0,0,1,0,0,0,1,0,Data Engineer,Other,M,Cambridge,Ma,500000.0,154500.0
645,Senior Research Scientist-Machine Learning,2.6,Software Engineering Institute,"Pittsburgh, PA","Pittsburgh, Pa",501 - 1000,1984,College / University,Colleges & Universities,Education,Unknown / Non-Applicable,Unknown,0,0,81000,167000,PA,37.0,0,0,0,0,0,0,0,0,0,0,0,0,0,0,0,0,Machine Learning Engineer,Sr,P,Pittsburgh,Pa,500000.0,124000.0
646,Data Scientist,3.4,"Remedy Bpci Partners, Llc.","New York, NY","Norwalk, Ct",201 - 500,2011,Company - Private,Health Care Services & Hospitals,Health Care,Unknown / Non-Applicable,"Healthfirst (New York), naviHealth",0,0,69000,121000,NY,10.0,1,1,1,0,1,0,0,0,0,0,0,1,0,0,0,0,Data Scientist,Other,Unknown,New York,Ny,500000.0,95000.0
647,Senior Data Scientist,4.4,Maven Wave Partners,"Chicago, IL","Chicago, Il",201 - 500,2008,Company - Private,Consulting,Business Services,$50 to $100 million (USD),Unknown,0,0,97000,160000,IL,13.0,1,0,1,1,1,0,0,0,0,0,1,1,0,0,0,0,Data Scientist,Sr,Unknown,Chicago,Il,500000.0,128500.0
648,Principal Data Scientist,3.2,The Climate Corporation,"San Francisco, CA","San Francisco, Ca",501 - 1000,2006,Subsidiary Or Business Segment,Enterprise Software & Network Solutions,Information Technology,Unknown / Non-Applicable,"Granular, Intuit, John Deere",0,0,150000,238000,CA,15.0,0,0,1,1,0,0,0,0,0,0,0,0,0,0,0,0,Data Scientist,Sr,Unknown,San Francisco,Ca,500000.0,194000.0
651,Data Scientist,3.5,Crossix Solutions,"New York, NY","New York, Ny",201 - 500,2005,Company - Public,Advertising & Marketing,Business Services,Unknown / Non-Applicable,Unknown,0,0,77000,132000,NY,16.0,1,1,1,1,1,0,0,0,0,0,0,0,0,0,0,0,Data Scientist,Other,M,New York,Ny,500000.0,104500.0
652,Clinical Laboratory Scientist,3.7,Vail Health,"Vail, CO","Vail, Co",501 - 1000,1966,Hospital,Health Care Services & Hospitals,Health Care,$100 to $500 million (USD),Unknown,1,0,49000,81000,CO,55.0,0,0,0,0,0,0,0,0,0,0,0,0,0,0,0,0,Other Scientist,Other,Unknown,Vail,Co,500000.0,65000.0
653,Data Engineer - Consultant (Charlotte Based),4.2,Clarity Insights,"Charlotte, NC","Chicago, Il",201 - 500,2008,Company - Private,It Services,Information Technology,Unknown / Non-Applicable,Unknown,0,0,59000,112000,NC,13.0,1,0,0,1,1,0,0,0,0,0,1,0,0,0,0,0,Data Engineer,Other,Unknown,Charlotte,Nc,500000.0,85500.0
654,"Data Analyst 1, Full-Time Contract Worker For Up To 12 Months",4.2,The Church Of Jesus Christ Of Latter-Day Saints,"Salt Lake City, UT","Salt Lake City, Ut",10000+,1992,Nonprofit Organization,Religious Organizations,Non-Profit,Unknown / Non-Applicable,Unknown,0,0,35000,65000,UT,29.0,0,0,1,1,1,0,0,0,0,0,0,0,0,0,0,0,Analyst,Other,Unknown,Salt Lake City,Ut,500000.0,50000.0
655,Data Engineer,3.1,Ncsoft,"Aliso Viejo, CA","Seoul, South Korea",1001 - 5000,1997,Company - Public,Video Games,Media,$10+ billion (USD),"Blizzard Entertainment, Riot Games, Electronic Arts",0,0,79000,147000,CA,24.0,1,1,1,1,1,0,0,0,0,0,0,0,0,0,1,0,Data Engineer,Other,Unknown,Aliso Viejo,Ca,500000.0,113000.0
658,"Scientist, Immuno-Oncology",3.9,Gsk,"Cambridge, MA","Brentford, United Kingdom",10000+,1830,Company - Public,Biotech & Pharmaceuticals,Biotech & Pharmaceuticals,$10+ billion (USD),"Pfizer, AstraZeneca, Merck",0,0,62000,119000,MA,191.0,0,0,1,0,0,0,0,0,0,0,0,0,0,0,0,0,Other Scientist,Other,M,Cambridge,Ma,500000.0,90500.0
660,Senior Data Scientist,4.3,Factual,"Los Angeles, CA","Los Angeles, Ca",51 - 200,2008,Company - Private,Computer Hardware & Software,Information Technology,Unknown / Non-Applicable,Foursquare,0,0,119000,187000,CA,13.0,1,1,0,1,0,0,0,0,0,0,0,0,0,0,0,0,Data Scientist,Sr,Unknown,Los Angeles,Ca,500000.0,153000.0
661,Products Data Analyst Ii,3.3,Trinet,"Dublin, CA","Dublin, Ca",1001 - 5000,1988,Company - Public,Consulting,Business Services,$2 to $5 billion (USD),"Paychex, Insperity, ADP",0,0,90000,157000,CA,33.0,0,0,0,1,1,1,0,0,0,0,0,1,0,0,1,0,Analyst,Other,M,Dublin,Ca,500000.0,123500.0
662,Lead Data Analyst,3.9,Signpost,"New York, NY","New York, Ny",201 - 500,2010,Company - Private,Internet,Information Technology,$10 to $25 million (USD),Unknown,0,0,32000,62000,NY,11.0,0,1,0,0,1,0,0,0,0,0,0,0,0,0,0,0,Analyst,Sr,Unknown,New York,Ny,500000.0,47000.0
663,Analytics Manager - Data Mart,3.5,Central California Alliance For Health,"Scotts Valley, CA","Scotts Valley, Ca",501 - 1000,1996,Nonprofit Organization,Health Care Services & Hospitals,Health Care,$500 million to $1 billion (USD),Unknown,0,0,42000,86000,CA,25.0,0,0,0,0,1,0,0,0,0,0,0,1,0,0,0,0,Data Scientist Project Manager,Other,Unknown,Scotts Valley,Ca,500000.0,64000.0
664,Data Science Engineer - Mobile,4.0,Adobe,"San Jose, CA","San Jose, Ca",10000+,1982,Company - Public,Computer Hardware & Software,Information Technology,$5 to $10 billion (USD),"Apple, Microsoft",0,0,116000,208000,CA,39.0,1,0,0,1,1,0,0,0,0,0,1,1,1,0,0,0,Data Scientist,Other,M,San Jose,Ca,500000.0,162000.0
665,Senior Data Scientist - R&D Oncology,3.9,Astrazeneca,"New York, NY","Cambridge, United Kingdom",10000+,1913,Company - Public,Biotech & Pharmaceuticals,Biotech & Pharmaceuticals,$10+ billion (USD),"Roche, GlaxoSmithKline, Novartis",0,0,102000,172000,NY,108.0,1,0,0,0,0,0,0,0,0,0,0,0,0,0,0,0,Data Scientist,Sr,P,New York,Ny,500000.0,137000.0
666,Sr. Data Engineer - Contract-To-Hire (Java),3.0,Pilot Flying J Travel Centers Llc,"Knoxville, TN","Knoxville, Tn",10000+,1958,Company - Private,Gas Stations,Retail,$10+ billion (USD),"TravelCenters of America, Love's Travel Stops & Country Stores, Wawa",0,0,69000,127000,TN,63.0,1,0,0,0,1,0,0,0,0,0,0,0,0,0,0,0,Data Engineer,Sr,M,Knoxville,Tn,500000.0,98000.0
668,Data Scientist,3.7,Swiss Re,"Armonk, NY","Zurich, Switzerland",10000+,1863,Company - Public,Insurance Agencies & Brokerages,Insurance,$10+ billion (USD),"Munich Re, Hannover RE, SCOR",0,0,86000,144000,NY,158.0,1,0,0,1,1,0,0,0,0,0,0,0,0,0,0,0,Data Scientist,Other,M,Armonk,Ny,500000.0,115000.0
669,Senior Data Scientist,3.5,Sartorius,"Arvada, CO","Gottingen, Germany",5001 - 10000,1870,Company - Public,Biotech & Pharmaceuticals,Biotech & Pharmaceuticals,$1 to $2 billion (USD),Unknown,0,0,102000,165000,CO,151.0,1,0,0,1,0,0,0,0,0,0,0,0,0,0,0,0,Data Scientist,Sr,M,Arvada,Co,500000.0,133500.0
670,Data Engineer,4.0,Pinnacol Assurance,"Denver, CO","Denver, Co",501 - 1000,1915,Nonprofit Organization,Insurance Carriers,Insurance,$500 million to $1 billion (USD),Unknown,0,0,74000,124000,CO,106.0,1,0,1,0,1,0,0,0,0,0,0,0,0,0,0,0,Data Engineer,Other,M,Denver,Co,500000.0,99000.0
671,Food Scientist - Developer,3.3,Palermo'S Pizza,"Milwaukee, WI","Milwaukee, Wi",501 - 1000,1964,Company - Private,Food & Beverage Manufacturing,Manufacturing,Unknown / Non-Applicable,Unknown,0,0,40000,68000,WI,57.0,0,0,0,0,0,0,0,0,0,0,0,0,0,0,0,0,Other Scientist,Other,Unknown,Milwaukee,Wi,500000.0,54000.0
672,Senior Data Engineer,3.2,Equian Llc,"Franklin, TN","Indianapolis, In",1001 - 5000,2004,Company - Private,Health Care Services & Hospitals,Health Care,Unknown / Non-Applicable,Unknown,0,0,76000,142000,TN,17.0,0,0,1,1,0,0,0,0,0,0,1,0,0,0,0,0,Data Engineer,Sr,Unknown,Franklin,Tn,500000.0,109000.0
673,Data Engineer,3.4,Metrostar Systems,"Rockville, MD","Reston, Va",201 - 500,1999,Company - Private,It Services,Information Technology,$25 to $50 million (USD),Unknown,0,0,76000,142000,MD,22.0,0,0,1,0,0,0,0,0,0,0,0,0,0,0,0,0,Data Engineer,Other,M,Rockville,Md,500000.0,109000.0
674,Senior Data Scientist,4.4,Mathworks,"Natick, MA","Natick, Ma",1001 - 5000,1984,Company - Private,Computer Hardware & Software,Information Technology,$1 to $2 billion (USD),Unknown,0,0,108000,171000,MA,37.0,1,0,0,0,1,0,0,0,0,0,0,1,1,0,0,0,Data Scientist,Sr,M,Natick,Ma,500000.0,139500.0
675,"Director Ii, Data Science - Grm Actuarial",3.3,Liberty Mutual Insurance,"Chicago, IL","Boston, Ma",10000+,1912,Company - Private,Insurance Carriers,Insurance,$10+ billion (USD),"Travelers, Allstate, State Farm",0,0,202000,306000,IL,109.0,1,0,0,0,0,1,0,0,0,0,0,0,0,0,0,0,Data Scientist,Other,M,Chicago,Il,500000.0,254000.0
676,Machine Learning Engineer,3.2,Information Builders,"New York, NY","New York, Ny",1001 - 5000,1975,Company - Private,Computer Hardware & Software,Information Technology,Unknown / Non-Applicable,"Qlik, Tableau Software, Informatica",0,0,91000,159000,NY,46.0,1,0,1,1,1,0,0,1,0,1,0,0,0,0,0,0,Machine Learning Engineer,Other,M,New York,Ny,500000.0,125000.0
678,"Sr Expert Data Science, Advanced Visual Analytics (Associate Level)",3.8,Novartis,"Cambridge, MA","Basel, Switzerland",10000+,1996,Company - Public,Biotech & Pharmaceuticals,Biotech & Pharmaceuticals,$10+ billion (USD),Unknown,0,0,80000,133000,MA,25.0,1,0,0,0,1,1,0,0,0,0,0,1,1,0,0,0,Data Scientist,Sr,M,Cambridge,Ma,500000.0,106500.0
679,"Scientist, Molecular/Cellular Biologist",2.9,Audentes Therapeutics,"South San Francisco, CA","San Francisco, Ca",201 - 500,2012,Subsidiary Or Business Segment,Biotech & Pharmaceuticals,Biotech & Pharmaceuticals,Unknown / Non-Applicable,"BioMarin Pharmaceutical, Sangamo Therapeutics, bluebird bio",0,0,49000,97000,CA,9.0,0,0,0,0,0,0,0,0,0,0,0,0,0,0,0,0,Other Scientist,Other,P,South San Francisco,Ca,500000.0,73000.0
681,Staff Scientist-Downstream Process Development,2.7,Advanced Bioscience Laboratories,"Rockville, MD","Rockville, Md",201 - 500,1961,Company - Private,Biotech & Pharmaceuticals,Biotech & Pharmaceuticals,$25 to $50 million (USD),Unknown,0,0,49000,113000,MD,60.0,0,0,0,1,0,0,0,0,0,0,0,0,0,0,0,0,Other Scientist,Other,P,Rockville,Md,500000.0,81000.0
682,Med Tech/Lab Scientist- South Coastal Lab,3.6,Beebe Healthcare,"Millville, DE","Lewes, De",1001 - 5000,1935,Nonprofit Organization,Health Care Services & Hospitals,Health Care,$100 to $500 million (USD),Unknown,1,0,43000,70000,DE,86.0,0,0,0,0,0,0,0,0,0,0,0,0,0,0,0,0,Other Scientist,Other,Unknown,Millville,De,500000.0,56500.0
683,Scientist - Analytical Services,3.1,Reynolds American,"Winston-Salem, NC","Winston-Salem, Nc",5001 - 10000,1875,Company - Private,Consumer Products Manufacturing,Manufacturing,$10+ billion (USD),Unknown,0,0,65000,134000,NC,146.0,0,0,0,1,0,0,0,0,0,0,0,0,0,0,0,0,Other Scientist,Other,Unknown,Winston-Salem,Nc,500000.0,99500.0
685,Associate Data Analyst- Graduate Development Program,3.3,National Interstate,"Richfield, OH","Richfield, Oh",501 - 1000,1989,Company - Private,Insurance Carriers,Insurance,$500 million to $1 billion (USD),Unknown,0,0,32000,59000,OH,32.0,0,0,0,0,0,0,0,0,0,0,0,0,0,0,0,0,Analyst,Other,Unknown,Richfield,Oh,500000.0,45500.0
687,It Associate Data Analyst,3.7,The Hanover Insurance Group,"Worcester, MA","Worcester, Ma",5001 - 10000,1852,Company - Public,Insurance Carriers,Insurance,$5 to $10 billion (USD),Unknown,0,0,39000,69000,MA,169.0,0,0,0,0,1,0,0,0,0,0,0,0,0,0,0,0,Analyst,Other,Unknown,Worcester,Ma,500000.0,54000.0
688,Sr. Data Engineer,4.5,Moser Consulting,"Indianapolis, IN","Indianapolis, In",51 - 200,1996,Company - Private,Consulting,Business Services,$25 to $50 million (USD),Unknown,0,0,87000,158000,IN,25.0,1,1,1,0,1,0,0,0,0,0,1,0,0,0,1,0,Data Engineer,Sr,Unknown,Indianapolis,In,500000.0,122500.0
689,Clinical Data Analyst,3.0,Greenway Health,"Tampa, FL","Tampa, Fl",1001 - 5000,1977,Subsidiary Or Business Segment,Enterprise Software & Network Solutions,Information Technology,$100 to $500 million (USD),"eClinicalWorks, NextGen Healthcare, athenahealth",0,0,27000,48000,FL,44.0,0,0,0,1,1,0,0,0,0,0,0,0,0,0,0,0,Analyst,Other,M,Tampa,Fl,500000.0,37500.0
690,Business Data Analyst,3.8,Fareportal,"New York, NY","New York, Ny",1001 - 5000,2002,Company - Private,Travel Agencies,Travel & Tourism,$2 to $5 billion (USD),"Expedia Group, Orbitz Worldwide, Priceline.com",0,0,36000,71000,NY,19.0,1,0,0,1,1,0,0,0,0,0,0,0,1,0,0,1,Analyst,Other,M,New York,Ny,500000.0,53500.0
691,Senior Insurance Data Scientist,3.9,Transunion,"Chicago, IL","Chicago, Il",5001 - 10000,1968,Company - Public,Financial Analytics & Research,Finance,$1 to $2 billion (USD),Unknown,0,0,107000,173000,IL,53.0,1,0,0,1,1,1,0,0,0,0,0,0,0,0,0,0,Data Scientist,Sr,Unknown,Chicago,Il,500000.0,140000.0
692,Senior Data Science Systems Engineer,3.2,Mitre,"Hampton, VA","Bedford, Ma",5001 - 10000,1958,Nonprofit Organization,Federal Agencies,Government,$1 to $2 billion (USD),"Battelle, General Atomics, SAIC",0,0,56000,99000,VA,63.0,0,0,0,0,0,0,0,0,0,0,0,0,0,0,0,0,Data Scientist,Sr,P,Hampton,Va,500000.0,77500.0
694,Environmental Engineer/Scientist,3.3,Mcphail Associates,"Cambridge, MA","Cambridge, Ma",Jan-50,1976,Company - Private,Construction,"Construction, Repair & Maintenance",Unknown / Non-Applicable,Unknown,1,1,52000,58000,MA,45.0,0,0,0,1,0,0,0,0,0,0,0,0,0,0,0,0,Other Scientist,Other,Unknown,Cambridge,Ma,500000.0,55000.0
695,Senior Scientist - Regulatory Submissions,3.1,Reynolds American,"Winston-Salem, NC","Winston-Salem, Nc",5001 - 10000,1875,Company - Private,Consumer Products Manufacturing,Manufacturing,$10+ billion (USD),Unknown,0,0,80000,155000,NC,146.0,0,0,0,1,0,0,0,0,0,0,0,0,0,0,0,0,Other Scientist,Sr,M,Winston-Salem,Nc,500000.0,117500.0
696,Scientist - Biomarker And Flow Cytometry,2.4,Crown Bioscience,"San Diego, CA","San Diego, Ca",501 - 1000,2006,Company - Private,Biotech & Pharmaceuticals,Biotech & Pharmaceuticals,$50 to $100 million (USD),Unknown,0,0,43000,98000,CA,15.0,0,0,0,0,0,0,0,0,0,0,0,0,0,0,0,0,Other Scientist,Other,M,San Diego,Ca,500000.0,70500.0
697,"Associate Scientist, Lc/Ms Biologics",2.9,Q2 Solutions,"Ithaca, NY","Morrisville, Nc",1001 - 5000,2015,Company - Private,Biotech & Pharmaceuticals,Biotech & Pharmaceuticals,Unknown / Non-Applicable,Unknown,0,0,44000,96000,NY,6.0,0,0,0,1,0,0,0,0,0,0,0,0,0,0,0,0,Other Scientist,Other,Unknown,Ithaca,Ny,500000.0,70000.0
698,Revenue Analytics Manager,4.8,Hover,"San Francisco, CA","San Francisco, Ca",51 - 200,2011,Company - Private,Computer Hardware & Software,Information Technology,$25 to $50 million (USD),Unknown,0,0,45000,78000,CA,10.0,0,0,0,1,1,0,0,0,0,0,0,1,0,0,0,0,Data Scientist Project Manager,Other,Unknown,San Francisco,Ca,500000.0,61500.0
699,Sr. Scientist Method Development,2.9,Q2 Solutions,"Marietta, GA","Morrisville, Nc",1001 - 5000,2015,Company - Private,Biotech & Pharmaceuticals,Biotech & Pharmaceuticals,Unknown / Non-Applicable,Unknown,0,0,50000,110000,GA,6.0,0,0,0,1,0,0,0,0,0,0,0,0,0,0,0,0,Other Scientist,Sr,Unknown,Marietta,Ga,500000.0,80000.0
700,Data Scientist,4.7,Oversight Systems,"Atlanta, GA","Atlanta, Ga",51 - 200,2003,Company - Private,Computer Hardware & Software,Information Technology,$25 to $50 million (USD),Unknown,0,0,60000,99000,GA,18.0,1,0,0,1,1,0,1,1,1,0,0,0,0,0,0,0,Data Scientist,Other,Unknown,Atlanta,Ga,500000.0,79500.0
701,Data Scientist - Sales,4.7,Confluent,"Mountain View, CA","Mountain View, Ca",501 - 1000,2014,Company - Private,Computer Hardware & Software,Information Technology,$100 to $500 million (USD),Unknown,0,0,130000,206000,CA,7.0,1,0,0,1,1,0,0,0,0,0,0,1,0,0,0,0,Data Scientist,Other,Unknown,Mountain View,Ca,500000.0,168000.0
702,It - Data Engineer Ii,3.4,Arbella Insurance,"Quincy, MA","Quincy, Ma",1001 - 5000,1988,Company - Private,Insurance Carriers,Insurance,$100 to $500 million (USD),Unknown,0,0,61000,119000,MA,33.0,0,1,0,1,1,0,0,0,0,0,1,0,0,0,0,0,Data Engineer,Other,Unknown,Quincy,Ma,500000.0,90000.0
703,"Research Scientist, Immunology - Cancer Biology",3.7,Kronos Bio,"Cambridge, MA","San Mateo, Ca",Unknown,1992,Company - Private,Unknown,Unknown,Unknown / Non-Applicable,Unknown,0,1,100000,140000,MA,29.0,0,0,0,1,0,0,0,0,0,0,0,0,0,0,0,0,Other Scientist,Other,P,Cambridge,Ma,500000.0,120000.0
704,Senior Data Analyst,3.9,Life360,"San Francisco, CA","San Francisco, Ca",51 - 200,2008,Company - Public,Computer Hardware & Software,Information Technology,Unknown / Non-Applicable,Unknown,0,0,99000,178000,CA,13.0,1,0,0,0,1,0,0,0,0,0,0,1,0,0,0,0,Analyst,Sr,Unknown,San Francisco,Ca,500000.0,138500.0
705,"Principal, Data Science - Advanced Analytics",3.6,Iqvia,"Plymouth Meeting, PA","Durham, Nc",10000+,2017,Company - Public,Biotech & Pharmaceuticals,Biotech & Pharmaceuticals,$2 to $5 billion (USD),"PPD, INC Research, PRA Health Sciences",0,0,86000,137000,PA,4.0,0,0,0,0,0,0,0,0,0,0,0,0,0,0,0,0,Data Scientist,Sr,M,Plymouth Meeting,Pa,500000.0,111500.0
706,Data Science Project Manager,3.6,Massmutual,"Boston, MA","Springfield, Ma",5001 - 10000,1851,Company - Private,Insurance Carriers,Insurance,$10+ billion (USD),Unknown,0,0,37000,100000,MA,170.0,0,0,0,1,0,0,0,0,0,0,0,0,0,0,0,0,Data Scientist,Other,M,Boston,Ma,500000.0,68500.0
707,"Sr Scientist, Immuno-Oncology - Oncology",3.9,Gsk,"Cambridge, MA","Brentford, United Kingdom",10000+,1830,Company - Public,Biotech & Pharmaceuticals,Biotech & Pharmaceuticals,$10+ billion (USD),"Pfizer, AstraZeneca, Merck",0,0,58000,111000,MA,191.0,0,0,1,0,0,0,0,0,0,0,0,0,0,0,0,0,Other Scientist,Sr,M,Cambridge,Ma,500000.0,84500.0
708,Senior Data Engineer,4.4,Eventbrite,"Nashville, TN","San Francisco, Ca",1001 - 5000,2006,Company - Public,Internet,Information Technology,$100 to $500 million (USD),"See Tickets, TicketWeb, Vendini",0,0,72000,133000,TN,15.0,1,1,1,0,1,0,0,0,0,0,1,0,0,0,0,0,Data Engineer,Sr,Unknown,Nashville,Tn,500000.0,102500.0
709,"Project Scientist - Auton Lab, Robotics Institute",2.6,Software Engineering Institute,"Pittsburgh, PA","Pittsburgh, Pa",501 - 1000,1984,College / University,Colleges & Universities,Education,Unknown / Non-Applicable,Unknown,0,0,56000,91000,PA,37.0,0,0,0,1,0,0,0,0,0,0,0,0,0,0,0,0,Other Scientist,Other,P,Pittsburgh,Pa,500000.0,73500.0
711,Research Scientist – Security And Privacy,3.6,Riverside Research Institute,"Beavercreek, OH","Arlington, Va",501 - 1000,1967,Nonprofit Organization,Federal Agencies,Government,$50 to $100 million (USD),Unknown,0,0,61000,126000,OH,54.0,1,0,0,0,0,0,0,0,0,0,0,0,0,0,0,0,Other Scientist,Other,M,Beavercreek,Oh,500000.0,93500.0
712,Data Science Manager,3.2,"Numeric, Llc","Allentown, PA","Chadds Ford, Pa",Jan-50,1992,Company - Private,Staffing & Outsourcing,Business Services,$5 to $10 million (USD),Unknown,0,0,95000,160000,PA,29.0,0,0,0,1,0,0,0,0,0,0,0,0,0,0,0,0,Data Scientist,Other,Unknown,Allentown,Pa,500000.0,127500.0
714,Data Analyst 2 (Missionary Department),4.2,The Church Of Jesus Christ Of Latter-Day Saints,"Salt Lake City, UT","Salt Lake City, Ut",10000+,1992,Nonprofit Organization,Religious Organizations,Non-Profit,Unknown / Non-Applicable,Unknown,0,0,53000,91000,UT,29.0,0,0,0,0,1,0,0,0,0,0,0,1,0,0,0,0,Analyst,Other,Unknown,Salt Lake City,Ut,500000.0,72000.0
715,"Enterprise Architect, Data",3.6,Massmutual,"Boston, MA","Springfield, Ma",5001 - 10000,1851,Company - Private,Insurance Carriers,Insurance,$10+ billion (USD),Unknown,0,0,101000,158000,MA,170.0,1,1,1,1,1,0,0,0,0,0,1,1,1,0,0,0,"Enterprise Architect, Data",Other,Unknown,Boston,Ma,500000.0,129500.0
718,Supply Chain Data Analyst,3.1,Icon Health And Fitness,"Logan, UT","Logan, Ut",1001 - 5000,1977,Company - Private,Consumer Products Manufacturing,Manufacturing,$500 million to $1 billion (USD),"Life Fitness, Brooks Running, Under Armour",0,0,33000,61000,UT,44.0,1,0,0,1,1,0,0,0,0,0,0,1,0,0,0,0,Analyst,Other,Unknown,Logan,Ut,500000.0,47000.0
719,Data Engineer - Etl,3.8,Shipt,"Birmingham, AL","Birmingham, Al",501 - 1000,2014,Subsidiary Or Business Segment,Consumer Product Rental,Consumer Services,Unknown / Non-Applicable,Unknown,0,0,44000,86000,AL,7.0,1,1,1,1,1,0,0,0,0,0,0,0,0,0,0,0,Data Engineer,Other,Unknown,Birmingham,Al,500000.0,65000.0
721,Corporate Risk Data Analyst (Sql_ Based) - Milwaukee Or,3.8,Associated Banc-Corp,"Green Bay, WI","Green Bay, Wi",1001 - 5000,1870,Company - Public,Banks & Credit Unions,Finance,$1 to $2 billion (USD),"Wells Fargo, BMO Harris Bank, U.S. Bank",0,0,43000,77000,WI,151.0,0,0,1,1,0,0,0,0,0,0,0,0,0,0,0,0,Analyst,Other,Unknown,Green Bay,Wi,500000.0,60000.0
722,"Senior Manager, Epidemiologic Data Scientist",4.0,Pfizer,"New York, NY","New York, Ny",10000+,1849,Company - Public,Biotech & Pharmaceuticals,Biotech & Pharmaceuticals,$10+ billion (USD),Unknown,0,0,125000,210000,NY,172.0,0,0,1,1,0,0,0,0,0,0,0,0,0,0,0,0,Data Scientist,Sr,M,New York,Ny,500000.0,167500.0
723,"Marketing Data Analyst, May 2020 Undergrad",3.8,Fareportal,"New York, NY","New York, Ny",1001 - 5000,2002,Company - Private,Travel Agencies,Travel & Tourism,$2 to $5 billion (USD),"Expedia Group, Orbitz Worldwide, Priceline.com",0,0,44000,86000,NY,19.0,0,0,0,1,1,1,0,0,0,0,0,0,0,0,0,0,Analyst,Other,Unknown,New York,Ny,500000.0,65000.0
725,Senior Data Analyst,4.0,Novetta,"Herndon, VA","Mc Lean, Va",501 - 1000,2012,Company - Private,Enterprise Software & Network Solutions,Information Technology,$100 to $500 million (USD),"Leidos, CACI International, Booz Allen Hamilton",0,0,69000,119000,VA,9.0,1,0,0,0,1,0,0,0,0,0,0,0,0,0,0,0,Analyst,Sr,Unknown,Herndon,Va,500000.0,94000.0
726,Senior Data Analyst,1.9,Moda Operandi,"New York, NY","New York, Ny",201 - 500,2010,Company - Private,"Department, Clothing, & Shoe Stores",Retail,$100 to $500 million (USD),"YOOX NET-A-PORTER GROUP, Farfetch, MATCHESFASHION",0,0,65000,110000,NY,11.0,1,0,0,1,1,0,0,0,0,0,0,0,0,0,0,1,Analyst,Sr,Unknown,New York,Ny,500000.0,87500.0
727,Senior Data Engineer,4.0,Novetta,"Reston, VA","Mc Lean, Va",501 - 1000,2012,Company - Private,Enterprise Software & Network Solutions,Information Technology,$100 to $500 million (USD),"Leidos, CACI International, Booz Allen Hamilton",0,0,67000,127000,VA,9.0,1,1,1,0,1,0,0,0,0,0,1,0,0,1,0,0,Data Engineer,Sr,Unknown,Reston,Va,500000.0,97000.0
728,Senior Data Engineer,4.3,Genesys,"Durham, NC","Daly City, Ca",5001 - 10000,1990,Company - Private,Computer Hardware & Software,Information Technology,$1 to $2 billion (USD),"Avaya, Five9, Salesforce",0,0,78000,147000,NC,31.0,1,1,1,0,0,0,0,0,0,0,1,0,0,1,0,0,Data Engineer,Sr,Unknown,Durham,Nc,500000.0,112500.0
730,Data Modeler (Analytical Systems),3.6,Massmutual,"Boston, MA","Springfield, Ma",5001 - 10000,1851,Company - Private,Insurance Carriers,Insurance,$10+ billion (USD),Unknown,0,0,66000,117000,MA,170.0,0,1,1,1,1,0,0,0,0,0,1,0,0,0,0,0,Data Modeler,Other,Unknown,Boston,Ma,500000.0,91500.0
731,Data Modeler - Data Solutions Engineer,3.3,Liberty Mutual Insurance,"Indianapolis, IN","Boston, Ma",10000+,1912,Company - Private,Insurance Carriers,Insurance,$10+ billion (USD),"Travelers, Allstate, State Farm",0,0,37000,66000,IN,109.0,1,0,0,1,1,0,0,0,0,0,0,0,1,0,0,0,Data Modeler,Other,M,Indianapolis,In,500000.0,51500.0
732,Data Scientist In Translational Medicine,3.8,Novartis,"Cambridge, MA","Basel, Switzerland",10000+,1996,Company - Public,Biotech & Pharmaceuticals,Biotech & Pharmaceuticals,$10+ billion (USD),Unknown,0,0,86000,143000,MA,25.0,0,0,0,0,0,0,0,0,0,0,0,0,0,0,0,0,Data Scientist,Other,Unknown,Cambridge,Ma,500000.0,114500.0
733,Data Scientist,4.3,Useready,"New York, NY","New York, Ny",201 - 500,2011,Company - Private,Consulting,Business Services,$10 to $25 million (USD),Unknown,0,0,84000,146000,NY,10.0,1,1,1,0,1,0,0,0,0,0,1,1,0,0,0,0,Data Scientist,Other,Unknown,New York,Ny,500000.0,115000.0
734,Product Manager/Data Evangelist,3.2,"Numeric, Llc","Phila, PA","Chadds Ford, Pa",Jan-50,1992,Company - Private,Staffing & Outsourcing,Business Services,$5 to $10 million (USD),Unknown,0,0,50000,98000,PA,29.0,1,0,1,0,1,0,0,0,0,0,0,0,0,0,0,0,Data Scientist Project Manager,Other,M,Phila,Pa,500000.0,74000.0
735,Associate Environmental Scientist - Wildlife Biologist,4.7,Qk,"Clovis, CA","Visalia, Ca",51 - 200,1972,Company - Private,Architectural & Engineering Services,Business Services,$10 to $25 million (USD),Unknown,0,0,38000,64000,CA,49.0,0,0,0,1,0,0,0,0,0,0,0,0,0,0,0,0,Other Scientist,Other,Unknown,Clovis,Ca,500000.0,51000.0
736,Sr Data Engineer (Sr Bi Developer),3.4,Tivity Health,"Chandler, AZ","Franklin, Tn",501 - 1000,1981,Company - Public,Health Care Services & Hospitals,Health Care,Unknown / Non-Applicable,Unknown,0,0,90000,110000,AZ,40.0,0,0,0,0,1,0,0,0,0,0,1,0,0,0,0,0,Data Engineer,Sr,Unknown,Chandler,Az,500000.0,100000.0
737,"Senior Data Scientist – Visualization, Novartis Ai Innovation Lab",3.8,Novartis,"Cambridge, MA","Basel, Switzerland",10000+,1996,Company - Public,Biotech & Pharmaceuticals,Biotech & Pharmaceuticals,$10+ billion (USD),Unknown,0,0,92000,150000,MA,25.0,0,0,0,0,0,0,0,0,0,0,0,0,0,0,0,0,Data Scientist,Sr,Unknown,Cambridge,Ma,500000.0,121000.0
738,Senior Data Analyst/Scientist,4.5,Demandbase,"San Francisco, CA","San Francisco, Ca",201 - 500,2006,Company - Private,Computer Hardware & Software,Information Technology,$100 to $500 million (USD),"Engagio, Bombora, Terminus",0,0,90000,153000,CA,15.0,0,0,0,0,1,0,0,0,0,0,0,1,1,0,0,0,Analyst,Sr,Unknown,San Francisco,Ca,500000.0,121500.0
740,"Associate, Data Science, Internal Audit",3.1,Santander,"Boston, MA","Madrid, Spain",10000+,1856,Company - Private,Banks & Credit Unions,Finance,$10+ billion (USD),Unknown,0,0,43000,82000,MA,165.0,1,0,0,1,1,1,0,0,0,0,0,0,0,0,0,0,Data Scientist,Other,M,Boston,Ma,500000.0,62500.0
741,"Scientist – Cancer Discovery, Molecular Assay",3.7,Monte Rosa Therapeutics,"Cambridge, MA",Unknown,Unknown,1992,Other Organization,Unknown,Unknown,Unknown / Non-Applicable,Unknown,0,1,100000,135000,MA,29.0,0,0,0,1,0,0,0,0,0,0,0,0,0,0,0,0,Other Scientist,Other,P,Cambridge,Ma,500000.0,117500.0
742,Senior Lidar Data Scientist,3.9,Luminar Technologies,"Orlando, FL","Orlando, Fl",201 - 500,2012,Company - Private,Computer Hardware & Software,Information Technology,Unknown / Non-Applicable,Unknown,0,0,93000,151000,FL,9.0,1,0,1,0,0,0,0,0,0,0,0,0,0,0,0,0,Data Scientist,Sr,M,Orlando,Fl,500000.0,122000.0
743,Data Engineer,4.4,Brmi,"Chantilly, VA","Washington, Dc",51 - 200,2004,Company - Private,It Services,Information Technology,Unknown / Non-Applicable,Unknown,0,0,61000,109000,VA,17.0,1,1,1,0,0,0,0,0,0,0,1,0,0,0,0,0,Data Engineer,Other,Unknown,Chantilly,Va,500000.0,85000.0
744,Data Engineer,3.4,Intraedge,"Scottsdale, AZ","Chandler, Az",501 - 1000,2002,Company - Private,It Services,Information Technology,$50 to $100 million (USD),Unknown,0,0,42000,79000,AZ,19.0,1,1,1,0,1,0,0,0,0,0,0,0,0,0,1,0,Data Engineer,Other,Unknown,Scottsdale,Az,500000.0,60500.0
745,Lead Data Scientist,3.9,Zest Ai,"Burbank, CA","Burbank, Ca",51 - 200,2009,Company - Private,Financial Analytics & Research,Finance,$50 to $100 million (USD),Unknown,0,0,139000,221000,CA,12.0,1,0,0,1,1,0,0,0,0,0,0,0,0,0,0,0,Data Scientist,Sr,M,Burbank,Ca,500000.0,180000.0
746,"Technology-Minded, Data Professional Opportunities",4.7,Veterans United Home Loans,"Columbia, MO","Columbia, Mo",1001 - 5000,2002,Company - Private,Lending,Finance,Unknown / Non-Applicable,Unknown,0,0,40000,101000,MO,19.0,0,1,0,1,1,0,0,0,0,0,1,1,0,0,1,0,"Technology-Minded, Data Professional Opportunities",Other,Unknown,Columbia,Mo,500000.0,70500.0
747,Big Data Engineer,3.3,Peraton,"Chantilly, VA","Herndon, Va",1001 - 5000,2017,Company - Private,Aerospace & Defense,Aerospace & Defense,$1 to $2 billion (USD),Unknown,0,0,84000,153000,VA,4.0,1,1,0,0,1,0,0,0,0,0,1,0,0,0,0,0,Data Engineer,Other,Unknown,Chantilly,Va,500000.0,118500.0
748,Salesforce Analytics Consultant,3.9,"Emtec, Inc.","Chicago, IL","Jacksonville, Fl",501 - 1000,1995,Company - Private,Enterprise Software & Network Solutions,Information Technology,$100 to $500 million (USD),Unknown,0,0,52000,81000,IL,26.0,1,0,0,0,1,1,0,0,0,0,0,1,1,0,0,0,Data Analitics,Other,M,Chicago,Il,500000.0,66500.0
749,Managing Data Scientist/Ml Engineer,3.4,Pa Consulting,"Boston, MA","London, United Kingdom",1001 - 5000,1943,Company - Private,Consulting,Business Services,$100 to $500 million (USD),"McKinsey & Company, Accenture, Deloitte",0,0,81000,134000,MA,78.0,0,1,0,1,1,0,0,0,0,0,1,1,0,0,1,0,Data Scientist,Other,Unknown,Boston,Ma,500000.0,107500.0
750,Senior Data Engineer,4.7,Praetorian,"Austin, TX","Austin, Tx",51 - 200,2010,Company - Private,Security Services,Business Services,$10 to $25 million (USD),Unknown,0,0,97000,180000,TX,11.0,1,1,0,0,1,0,0,0,0,1,0,0,0,0,0,0,Data Engineer,Sr,Unknown,Austin,Tx,500000.0,138500.0
751,Staff Scientist- Upstream Pd,2.7,Advanced Bioscience Laboratories,"Rockville, MD","Rockville, Md",201 - 500,1961,Company - Private,Biotech & Pharmaceuticals,Biotech & Pharmaceuticals,$25 to $50 million (USD),Unknown,0,0,49000,113000,MD,60.0,0,0,0,0,0,0,0,0,0,0,0,0,0,0,0,0,Other Scientist,Other,Unknown,Rockville,Md,500000.0,81000.0
752,Data Engineering Analyst,3.8,Country Financial,"Bloomington, IL","Bloomington, Il",1001 - 5000,1925,Company - Private,Insurance Carriers,Insurance,$2 to $5 billion (USD),"Northwestern Mutual, American Family Insurance, MetLife",0,0,44000,73000,IL,96.0,1,1,0,1,1,0,0,0,0,0,1,0,0,0,0,0,Data Engineer,Other,M,Bloomington,Il,500000.0,58500.0
753,Sr. Data Engineer,3.4,Echo Global Logistics,"Chicago, IL","Chicago, Il",1001 - 5000,2005,Company - Public,Transportation Management,Transportation & Logistics,$2 to $5 billion (USD),"C.H. Robinson, Total Quality Logistics, Coyote Logistics",0,0,75000,140000,IL,16.0,0,0,0,0,1,0,0,0,0,0,0,0,0,0,0,0,Data Engineer,Sr,Unknown,Chicago,Il,500000.0,107500.0
754,"Scientist, Pharmacometrics",3.8,Agios Pharmaceuticals,"Cambridge, MA","Cambridge, Ma",501 - 1000,2008,Company - Public,Biotech & Pharmaceuticals,Biotech & Pharmaceuticals,$50 to $100 million (USD),Unknown,0,0,84000,157000,MA,13.0,0,0,0,0,0,1,0,0,0,0,0,0,0,0,0,0,Other Scientist,Other,M,Cambridge,Ma,500000.0,120500.0
755,Manager Of Data Science,3.9,Tapjoy,"San Francisco, CA","San Francisco, Ca",201 - 500,2007,Company - Private,Internet,Information Technology,$10 to $25 million (USD),"FLURRY, Chartboost",0,0,40000,87000,CA,14.0,1,1,0,0,1,0,0,0,1,1,0,0,0,0,0,0,Data Scientist,Other,Unknown,San Francisco,Ca,500000.0,63500.0
756,Scientist Manufacturing Pharma - Kentucky Bioprocessing,3.1,Reynolds American,"Owensboro, KY","Winston-Salem, Nc",5001 - 10000,1875,Company - Private,Consumer Products Manufacturing,Manufacturing,$10+ billion (USD),Unknown,0,0,68000,139000,KY,146.0,0,0,0,0,0,0,0,0,0,0,0,0,0,0,0,0,Other Scientist,Other,Unknown,Owensboro,Ky,500000.0,103500.0
757,Software Engineer (Data Scientist/Software Engineer) - Sisw - Mg,4.1,Mentor Graphics,"Fremont, CA","Wilsonville, Or",5001 - 10000,1981,Company - Public,Computer Hardware & Software,Information Technology,$1 to $2 billion (USD),"Cadence Design Systems, Synopsys, Altium Limited",0,0,72000,142000,CA,40.0,1,0,0,1,0,0,1,0,0,1,0,0,0,0,0,0,Data Scientist,Other,Unknown,Fremont,Ca,500000.0,107000.0
758,Data Engineer,3.7,Maxar Technologies,"Springfield, VA","Westminster, Co",5001 - 10000,1992,Company - Public,Aerospace & Defense,Aerospace & Defense,$2 to $5 billion (USD),Unknown,0,0,74000,137000,VA,29.0,1,1,0,0,1,0,0,0,0,0,1,0,0,0,0,0,Data Engineer,Other,Unknown,Springfield,Va,500000.0,105500.0
759,Data Engineer,2.8,Icw Group,"San Diego, CA","San Diego, Ca",501 - 1000,1972,Company - Private,Insurance Carriers,Insurance,$500 million to $1 billion (USD),"Liberty Mutual Insurance, EMPLOYERS, Travelers",0,0,57000,109000,CA,49.0,0,0,0,0,1,0,0,0,0,0,0,1,1,0,0,0,Data Engineer,Other,Unknown,San Diego,Ca,500000.0,83000.0
761,Lead Big Data Engineer,4.0,Glassdoor,"San Francisco, CA","Mill Valley, Ca",1001 - 5000,2007,Company - Private,Internet,Information Technology,Unknown / Non-Applicable,"Indeed, LinkedIn",0,0,121000,203000,CA,14.0,1,1,1,1,0,0,0,0,0,0,1,0,0,0,0,0,Data Engineer,Sr,Unknown,San Francisco,Ca,500000.0,162000.0
763,Product Engineer – Spatial Data Science And Statistical Analysis,3.5,Esri,"Redlands, CA","Redlands, Ca",1001 - 5000,1969,Company - Private,Computer Hardware & Software,Information Technology,$1 to $2 billion (USD),Pitney Bowes,0,0,52000,85000,CA,52.0,1,1,0,1,0,0,0,1,1,1,0,0,0,0,0,0,Data Scientist,Other,M,Redlands,Ca,500000.0,68500.0
766,Sr Software Engineer (Data Scientist),3.4,Assurant,"Westlake, OH","New York, Ny",10000+,1978,Company - Public,Insurance Carriers,Insurance,$5 to $10 billion (USD),"Asurion, SquareTrade, National General Insurance",0,0,81000,140000,OH,43.0,0,0,0,1,1,0,0,1,0,1,0,0,0,0,0,0,Data Scientist,Sr,Unknown,Westlake,Oh,500000.0,110500.0
767,Sr. Data Engineer (Etl Developer),3.7,F&G,"Des Moines, IA","Des Moines, Ia",201 - 500,1992,Subsidiary Or Business Segment,Insurance Carriers,Insurance,$100 to $500 million (USD),Unknown,0,0,83000,148000,IA,29.0,1,0,0,1,1,0,0,0,0,0,0,1,0,0,0,0,Data Engineer,Sr,Unknown,Des Moines,Ia,500000.0,115500.0
768,Associate Research Scientist I (Protein Expression And Production),3.0,Exelixis,"Alameda, CA","Alameda, Ca",501 - 1000,1994,Company - Public,Biotech & Pharmaceuticals,Biotech & Pharmaceuticals,Unknown / Non-Applicable,"Genentech, Novartis, AstraZeneca",0,0,59000,116000,CA,27.0,0,0,0,1,0,0,0,0,0,0,0,0,0,0,0,0,Other Scientist,Other,M,Alameda,Ca,500000.0,87500.0
769,Senior Data Scientist Artificial Intelligence,3.8,Pnnl,"Richland, WA","Richland, Wa",1001 - 5000,1965,Government,Energy,"Oil, Gas, Energy & Utilities",$500 million to $1 billion (USD),"Oak Ridge National Laboratory, National Renewable Energy Lab, Los Alamos National Laboratory",0,0,60000,101000,WA,56.0,0,0,0,0,0,0,0,1,0,1,0,0,0,0,0,0,Data Scientist,Sr,M,Richland,Wa,500000.0,80500.0
773,Analytics - Business Assurance Data Analyst,4.6,Greatamerica Financial Services,"Cedar Rapids, IA","Cedar Rapids, Ia",501 - 1000,1992,Company - Private,Lending,Finance,$100 to $500 million (USD),Unknown,0,0,31000,55000,IA,29.0,0,0,0,1,1,0,0,0,0,0,0,1,0,0,0,0,Analyst,Other,Unknown,Cedar Rapids,Ia,500000.0,43000.0
776,"Associate Director/Director, Safety Scientist",4.4,Acceleron Pharma,"Cambridge, MA","Cambridge, Ma",201 - 500,2003,Company - Public,Biotech & Pharmaceuticals,Biotech & Pharmaceuticals,Unknown / Non-Applicable,Unknown,0,0,102000,178000,MA,18.0,0,0,0,1,0,0,0,0,0,0,0,0,0,0,0,0,Director,Other,P,Cambridge,Ma,500000.0,140000.0
777,"Director, Precision Medicine Clinical Biomarker Scientist",4.0,Pfizer,"Cambridge, MA","New York, Ny",10000+,1849,Company - Public,Biotech & Pharmaceuticals,Biotech & Pharmaceuticals,$10+ billion (USD),Unknown,0,0,136000,208000,MA,172.0,0,0,1,0,0,0,0,0,0,0,0,0,0,0,0,0,Director,Other,P,Cambridge,Ma,500000.0,172000.0
778,"Senior Scientist, Cell Pharmacology/Assay Development",3.7,Kronos Bio,"Cambridge, MA","San Mateo, Ca",Unknown,1992,Company - Private,Unknown,Unknown,Unknown / Non-Applicable,Unknown,0,1,110000,130000,MA,29.0,0,0,0,0,0,0,0,0,0,0,0,0,0,0,0,0,Other Scientist,Sr,P,Cambridge,Ma,500000.0,120000.0
779,Data Analyst Senior,3.0,Amerihealth Caritas,"Philadelphia, PA","Philadelphia, Pa",5001 - 10000,1983,Company - Private,Insurance Carriers,Insurance,$5 to $10 billion (USD),"UnitedHealth Group, Molina Healthcare, Centene",0,0,48000,85000,PA,38.0,0,0,0,1,1,1,0,0,0,0,0,1,0,0,0,0,Analyst,Sr,M,Philadelphia,Pa,500000.0,66500.0
780,Senior Formulations Scientist Ii,3.0,Exelixis,"Alameda, CA","Alameda, Ca",501 - 1000,1994,Company - Public,Biotech & Pharmaceuticals,Biotech & Pharmaceuticals,Unknown / Non-Applicable,"Genentech, Novartis, AstraZeneca",0,0,71000,129000,CA,27.0,0,0,0,1,0,0,0,0,0,0,0,0,0,0,0,0,Other Scientist,Sr,P,Alameda,Ca,500000.0,100000.0
781,Lead Data Engineer (Python),4.7,Strategic Employment Partners,"San Francisco, CA","Los Angeles, Ca",51 - 200,2006,Company - Private,Staffing & Outsourcing,Business Services,$1 to $5 million (USD),Unknown,0,0,66000,123000,CA,15.0,1,0,1,0,0,0,0,0,0,0,0,0,0,0,0,0,Data Engineer,Sr,Unknown,San Francisco,Ca,500000.0,94500.0
782,Data Science Manager,4.2,Grand Rounds,"San Francisco, CA","San Francisco, Ca",501 - 1000,2011,Company - Private,Health Care Services & Hospitals,Health Care,Unknown / Non-Applicable,Unknown,0,0,171000,272000,CA,10.0,1,0,0,1,1,0,0,0,0,0,0,0,0,0,0,0,Data Scientist,Other,Unknown,San Francisco,Ca,500000.0,221500.0
783,Senior Data Scientist 4 Artificial Intelligence,3.8,Pnnl,"Seattle, WA","Richland, Wa",1001 - 5000,1965,Government,Energy,"Oil, Gas, Energy & Utilities",$500 million to $1 billion (USD),"Oak Ridge National Laboratory, National Renewable Energy Lab, Los Alamos National Laboratory",0,0,92000,146000,WA,56.0,0,0,0,0,0,0,0,1,0,1,0,0,0,0,0,0,Data Scientist,Sr,M,Seattle,Wa,500000.0,119000.0
784,Data Engineer,3.5,"Spins, Llc","Chicago, IL","Chicago, Il",201 - 500,1995,Company - Private,Consulting,Business Services,$50 to $100 million (USD),Unknown,0,0,65000,126000,IL,26.0,1,0,0,0,1,0,0,0,0,0,0,0,0,0,0,0,Data Engineer,Other,M,Chicago,Il,500000.0,95500.0
785,"Director Ii, Data Science - Grs Predictive Analytics",3.3,Liberty Mutual Insurance,"Chicago, IL","Boston, Ma",10000+,1912,Company - Private,Insurance Carriers,Insurance,$10+ billion (USD),"Travelers, Allstate, State Farm",0,0,150000,239000,IL,109.0,1,0,0,0,0,1,0,0,0,0,0,0,0,0,0,0,Data Scientist,Other,P,Chicago,Il,500000.0,194500.0
786,Medical Lab Scientist - Mlt,3.2,Catholic Health Initiatives,"Omaha, NE","Englewood, Co",10000+,1996,Nonprofit Organization,Health Care Services & Hospitals,Health Care,$10+ billion (USD),"Dignity Health, Trinity Health",1,0,43000,60000,NE,25.0,0,0,0,0,0,0,0,0,0,0,0,0,0,0,0,0,Other Scientist,Other,Unknown,Omaha,Ne,500000.0,51500.0
787,"Senior Operations Data Analyst, Call Center Operations",2.7,Fleetcor,"Nashville, TN","Peachtree Corners, Ga",5001 - 10000,2000,Company - Public,Financial Transaction Processing,Finance,$2 to $5 billion (USD),Unknown,1,0,20000,35000,TN,21.0,0,0,0,1,0,0,0,0,0,0,0,1,0,0,0,0,Analyst,Sr,Unknown,Nashville,Tn,500000.0,27500.0
788,Senior Quantitative Analyst,3.3,Dtcc,"Jersey City, NJ","New York, Ny",1001 - 5000,1973,Company - Private,Brokerage Services,Finance,$1 to $2 billion (USD),Unknown,0,0,118000,228000,NJ,48.0,1,0,0,1,1,0,0,0,0,0,0,0,0,0,0,0,Analyst,Sr,Unknown,Jersey City,Nj,500000.0,173000.0
789,Geospatial Software Developer And Data Scientist,3.7,Applied Research Laboratories,"Austin, TX","Austin, Tx",501 - 1000,1992,College / University,Colleges & Universities,Education,Unknown / Non-Applicable,Unknown,0,0,82000,129000,TX,29.0,1,0,1,0,0,0,1,1,1,1,0,0,0,0,0,0,Data Scientist,Other,Unknown,Austin,Tx,500000.0,105500.0
790,Research Computer Scientist - Research Engineer - Sr. Computer Scientist - Software Development,3.9,Southwest Research Institute,"San Antonio, TX","San Antonio, Tx",1001 - 5000,1947,Nonprofit Organization,Research & Development,Business Services,$500 million to $1 billion (USD),"Los Alamos National Laboratory, Battelle, SRI International",0,0,52000,91000,TX,74.0,1,0,1,1,1,0,0,0,0,0,0,0,0,0,0,0,Other Scientist,Sr,Unknown,San Antonio,Tx,500000.0,71500.0
791,Senior Scientist - Toxicologist - Product Integrity (Stewardship),3.1,Reynolds American,"Winston-Salem, NC","Winston-Salem, Nc",5001 - 10000,1875,Company - Private,Consumer Products Manufacturing,Manufacturing,$10+ billion (USD),Unknown,0,0,47000,101000,NC,146.0,0,0,0,1,0,0,0,0,0,0,0,0,0,0,0,0,Other Scientist,Sr,M,Winston-Salem,Nc,500000.0,74000.0
794,Systems Engineer Ii - Data Analyst,3.7,Raytheon,"Huntsville, AL","Waltham, Ma",10000+,1922,Company - Public,Aerospace & Defense,Aerospace & Defense,$10+ billion (USD),Unknown,0,0,49000,76000,AL,99.0,0,0,0,1,0,0,0,0,0,0,0,0,0,0,0,0,Analyst,Other,Unknown,Huntsville,Al,500000.0,62500.0
795,Senior Research Analytical Scientist-Non-Targeted Analysis,4.3,Rti International,"Durham, NC","Research Triangle Park, Nc",1001 - 5000,1958,Nonprofit Organization,Research & Development,Business Services,$500 million to $1 billion (USD),"Westat, Abt Associates, Chemonics International",0,0,43000,88000,NC,63.0,0,0,0,0,0,0,0,0,0,0,0,0,0,0,0,0,Other Scientist,Sr,P,Durham,Nc,500000.0,65500.0
797,Data Scientist,3.8,Dick'S Sporting Goods - Corporate,"Coraopolis, PA","Coraopolis, Pa",10000+,1948,Company - Public,Sporting Goods Stores,Retail,$5 to $10 billion (USD),"REI, Academy Sports + Outdoors, Cabela's",0,0,61000,109000,PA,73.0,1,0,0,0,1,0,0,1,0,1,0,0,0,0,0,0,Data Scientist,Other,M,Coraopolis,Pa,500000.0,85000.0
799,Principal Data Scientist,3.9,Astrazeneca,"Gaithersburg, MD","Cambridge, United Kingdom",10000+,1913,Company - Public,Biotech & Pharmaceuticals,Biotech & Pharmaceuticals,$10+ billion (USD),"Roche, GlaxoSmithKline, Novartis",0,0,113000,182000,MD,108.0,1,0,0,1,0,0,0,0,0,0,0,0,0,0,0,0,Data Scientist,Sr,P,Gaithersburg,Md,500000.0,147500.0
802,Director Data Science,3.6,Tranzact,"Fort Lee, NJ","Fort Lee, Nj",1001 - 5000,1989,Company - Private,Advertising & Marketing,Business Services,Unknown / Non-Applicable,Unknown,0,0,124000,199000,NJ,32.0,1,0,1,1,1,0,0,0,0,0,0,1,1,0,0,0,Data Scientist,Other,Unknown,Fort Lee,Nj,500000.0,161500.0
803,Data Engineer,3.7,Carilion Clinic,"Roanoke, VA","Roanoke, Va",10000+,1899,Nonprofit Organization,Health Care Services & Hospitals,Health Care,$1 to $2 billion (USD),Unknown,0,0,58000,104000,VA,122.0,0,0,0,1,0,0,0,0,0,0,0,0,0,0,0,0,Data Engineer,Other,M,Roanoke,Va,500000.0,81000.0
804,Sr Data Analyst - It,2.1,United Biosource,"Blue Bell, PA","Blue Bell, Pa",1001 - 5000,2003,Other Organization,Biotech & Pharmaceuticals,Biotech & Pharmaceuticals,$100 to $500 million (USD),"Covance, ICON",0,0,52000,93000,PA,18.0,0,0,0,1,1,0,0,0,0,0,0,1,0,0,0,0,Analyst,Sr,Unknown,Blue Bell,Pa,500000.0,72500.0
806,Senior Data Engineer,3.9,Figure Eight,"San Francisco, CA","San Francisco, Ca",51 - 200,2008,Company - Public,Computer Hardware & Software,Information Technology,$10 to $25 million (USD),Unknown,0,0,97000,181000,CA,13.0,1,0,1,1,0,0,0,0,0,0,0,0,0,0,0,0,Data Engineer,Sr,Unknown,San Francisco,Ca,500000.0,139000.0
807,Senior Data Engineer,3.9,Tapjoy,"San Francisco, CA","San Francisco, Ca",201 - 500,2007,Company - Private,Internet,Information Technology,$10 to $25 million (USD),"FLURRY, Chartboost",0,0,100000,173000,CA,14.0,0,0,0,0,1,0,0,0,0,0,0,0,0,0,0,0,Data Engineer,Sr,Unknown,San Francisco,Ca,500000.0,136500.0
808,Sr. Data Analyst,3.2,Doubleverify,"New York, NY","New York, Ny",201 - 500,2008,Company - Private,Internet,Information Technology,Unknown / Non-Applicable,Unknown,0,0,58000,108000,NY,13.0,1,1,0,1,1,0,0,0,0,0,0,0,0,0,0,0,Analyst,Sr,Unknown,New York,Ny,500000.0,83000.0
809,Research Scientist Or Senior Research Scientist - Computer Vision,4.6,Mitsubishi Electric Research Labs,"Cambridge, MA","Cambridge, Ma",51 - 200,1991,Subsidiary Or Business Segment,Research & Development,Business Services,$5 to $10 million (USD),"Google, Amazon, NVIDIA",0,0,81000,161000,MA,30.0,0,0,1,1,0,0,0,1,0,1,0,0,0,0,0,0,Other Scientist,Sr,P,Cambridge,Ma,500000.0,121000.0
810,Associate Machine Learning Engineer / Data Scientist May 2020 Undergrad,3.8,Fareportal,"New York, NY","New York, Ny",1001 - 5000,2002,Company - Private,Travel Agencies,Travel & Tourism,$2 to $5 billion (USD),"Expedia Group, Orbitz Worldwide, Priceline.com",0,0,53000,96000,NY,19.0,1,1,0,0,0,0,0,0,0,0,0,0,0,0,0,0,Data Scientist,Other,Unknown,New York,Ny,500000.0,74500.0
811,Data Analyst Chemist - Quality System Contractor,2.2,"Rodan And Fields, Llc","San Francisco, CA","San Francisco, Ca",501 - 1000,2002,Company - Private,Beauty & Personal Accessories Stores,Retail,Unknown / Non-Applicable,Unknown,0,0,61000,110000,CA,19.0,0,0,0,1,0,0,0,0,0,0,0,0,0,0,0,0,Analyst,Other,Unknown,San Francisco,Ca,500000.0,85500.0
812,Senior Scientist - Biostatistician,3.1,Reynolds American,"Winston-Salem, NC","Winston-Salem, Nc",5001 - 10000,1875,Company - Private,Consumer Products Manufacturing,Manufacturing,$10+ billion (USD),Unknown,0,0,65000,96000,NC,146.0,0,0,0,1,0,0,0,0,0,0,0,0,0,0,0,0,Other Scientist,Sr,M,Winston-Salem,Nc,500000.0,80500.0
815,Research Scientist / Principal Research Scientist - Multiphysical Systems,4.6,Mitsubishi Electric Research Labs,"Cambridge, MA","Cambridge, Ma",51 - 200,1991,Subsidiary Or Business Segment,Research & Development,Business Services,$5 to $10 million (USD),"Google, Amazon, NVIDIA",0,0,115000,220000,MA,30.0,0,0,0,0,0,0,0,0,0,0,0,0,0,0,0,0,Other Scientist,Sr,P,Cambridge,Ma,500000.0,167500.0
816,"Research Scientist, Machine Learning Department",2.6,Software Engineering Institute,"Pittsburgh, PA","Pittsburgh, Pa",501 - 1000,1984,College / University,Colleges & Universities,Education,Unknown / Non-Applicable,Unknown,0,0,71000,144000,PA,37.0,1,0,0,0,1,0,0,0,1,0,0,0,0,0,0,0,Machine Learning Engineer,Other,P,Pittsburgh,Pa,500000.0,107500.0
817,Foundational Community Supports Data Analyst,3.4,Desc,"Seattle, WA","Seattle, Wa",501 - 1000,1979,Nonprofit Organization,Social Assistance,Non-Profit,$25 to $50 million (USD),Unknown,0,0,32000,57000,WA,42.0,0,0,1,1,1,0,0,0,0,0,0,0,0,0,0,0,Analyst,Other,Unknown,Seattle,Wa,500000.0,44500.0
818,"Senior Health Data Analyst, Star Ratings",3.3,Johns Hopkins Health Care,"Glen Burnie, MD","Baltimore, Md",1001 - 5000,1889,Company - Private,Health Care Services & Hospitals,Health Care,$500 million to $1 billion (USD),"MedStar Health, University of Maryland Medical Center, LifeBridge Health",0,0,79000,136000,MD,132.0,0,0,0,0,1,0,0,0,0,0,0,0,0,0,0,0,Analyst,Sr,M,Glen Burnie,Md,500000.0,107500.0
819,"Principal Research Scientist/Team Lead, Medicinal Chemistry - Oncology",3.7,Kronos Bio,"Cambridge, MA","San Mateo, Ca",Unknown,1992,Company - Private,Unknown,Unknown,Unknown / Non-Applicable,Unknown,0,1,120000,145000,MA,29.0,0,0,0,0,0,0,0,0,0,0,0,0,0,0,0,0,Other Scientist,Sr,P,Cambridge,Ma,500000.0,132500.0
820,Sr. Data Analyst,3.7,Community Behavioral Health,"Philadelphia, PA","Phila, Pa",201 - 500,1994,Company - Private,Health Care Services & Hospitals,Health Care,$500 million to $1 billion (USD),Unknown,0,0,50000,89000,PA,27.0,0,0,0,1,1,0,0,0,0,0,0,1,1,0,0,0,Analyst,Sr,Unknown,Philadelphia,Pa,500000.0,69500.0
821,"Senior Engineer, Data Management Engineering",3.5,Western Digital,"Milpitas, CA","San Jose, Ca",10000+,1970,Company - Public,Computer Hardware & Software,Information Technology,$10+ billion (USD),"Seagate Technology, Toshiba",0,0,68000,129000,CA,51.0,1,1,1,0,1,0,0,0,0,0,1,0,0,0,0,0,"Senior Engineer, Data Management Engineering",Sr,Unknown,Milpitas,Ca,500000.0,98500.0
822,Quality Control Scientist Iii- Analytical Development,2.7,Advanced Bioscience Laboratories,"Rockville, MD","Rockville, Md",201 - 500,1961,Company - Private,Biotech & Pharmaceuticals,Biotech & Pharmaceuticals,$25 to $50 million (USD),Unknown,0,0,48000,113000,MD,60.0,0,0,0,1,0,0,0,0,0,0,0,0,0,0,0,0,Other Scientist,Other,Unknown,Rockville,Md,500000.0,80500.0
823,"Clinical Scientist, Clinical Development",3.8,Forma Therapeutics,"Watertown, MA","Watertown, Ma",51 - 200,2008,Company - Private,Biotech & Pharmaceuticals,Biotech & Pharmaceuticals,$10 to $25 million (USD),Unknown,1,0,56000,97000,MA,13.0,0,0,0,1,0,0,0,0,0,0,0,0,0,0,0,0,Other Scientist,Other,Unknown,Watertown,Ma,500000.0,76500.0
824,Software Engineer Staff Scientist: Human Language Technologies,3.7,Raytheon,"Cambridge, MD","Waltham, Ma",10000+,1922,Company - Public,Aerospace & Defense,Aerospace & Defense,$10+ billion (USD),Unknown,0,0,74000,124000,MD,99.0,1,0,0,0,1,0,0,0,0,0,0,0,0,0,0,0,Other Scientist,Other,Unknown,Cambridge,Md,500000.0,99000.0
825,"Manager, Safety Scientist, Medical Safety & Risk Management",3.8,Agios Pharmaceuticals,"Cambridge, MA","Cambridge, Ma",501 - 1000,2008,Company - Public,Biotech & Pharmaceuticals,Biotech & Pharmaceuticals,$50 to $100 million (USD),Unknown,0,0,68000,125000,MA,13.0,0,0,0,1,0,0,0,0,0,0,0,0,0,0,0,0,Data Scientist Project Manager,Other,Unknown,Cambridge,Ma,500000.0,96500.0
826,"Assistant Director/Director, Office Of Data Science",3.3,Liberty Mutual Insurance,"Boston, MA","Boston, Ma",10000+,1912,Company - Private,Insurance Carriers,Insurance,$10+ billion (USD),"Travelers, Allstate, State Farm",0,0,39000,67000,MA,109.0,0,0,0,0,0,0,0,0,0,0,0,0,0,0,0,0,Data Scientist,Other,M,Boston,Ma,500000.0,53000.0
827,Sr. Data Engineer | Big Data Saas Pipeline,2.7,Bridg,"Los Angeles, CA","Los Angeles, Ca",Jan-50,2011,Company - Private,Enterprise Software & Network Solutions,Information Technology,Unknown / Non-Applicable,Unknown,0,0,71000,135000,CA,10.0,0,1,1,0,0,0,0,0,0,0,1,0,0,1,0,0,Data Engineer,Sr,Unknown,Los Angeles,Ca,500000.0,103000.0
828,Senior Risk Data Scientist,3.8,Bill.Com,"Palo Alto, CA","Palo Alto, Ca",501 - 1000,2006,Company - Public,Financial Transaction Processing,Finance,$50 to $100 million (USD),Unknown,0,0,107000,172000,CA,15.0,0,0,0,0,1,1,0,0,0,0,0,0,0,0,0,0,Data Scientist,Sr,M,Palo Alto,Ca,500000.0,139500.0
829,Data Scientist In Artificial Intelligence Early Career,3.8,Pacific Northwest National Laboratory,"Richland, WA","Richland, Wa",1001 - 5000,1965,Government,Energy,"Oil, Gas, Energy & Utilities",$500 million to $1 billion (USD),"Oak Ridge National Laboratory, National Renewable Energy Lab, Los Alamos National Laboratory",0,0,49000,85000,WA,56.0,0,0,0,0,0,0,0,1,0,1,0,0,0,0,0,0,Data Scientist,Other,M,Richland,Wa,500000.0,67000.0
830,Consultant - Analytics Consulting,3.0,Infosys,"Hartford, CT","Bengaluru, India",10000+,1981,Company - Public,It Services,Information Technology,$10+ billion (USD),"Tata Consultancy Services, Accenture, Cognizant Technology Solutions",0,0,54000,71000,CT,40.0,0,0,0,1,0,0,0,0,0,0,0,0,0,0,0,0,Data Analitics,Other,Unknown,Hartford,Ct,500000.0,62500.0
831,Scientist - Cvrm Metabolism - In Vivo Pharmacology,3.9,Astrazeneca,"Gaithersburg, MD","Cambridge, United Kingdom",10000+,1913,Company - Public,Biotech & Pharmaceuticals,Biotech & Pharmaceuticals,$10+ billion (USD),"Roche, GlaxoSmithKline, Novartis",0,0,61000,123000,MD,108.0,0,0,0,0,0,0,0,0,0,0,0,0,0,0,0,0,Other Scientist,Other,Unknown,Gaithersburg,Md,500000.0,92000.0
832,Data Analyst,3.6,Axion Healthcare Solutions,"New York, NY","New York, Ny",Jan-50,1980,Company - Private,Health Care Services & Hospitals,Health Care,$10 to $25 million (USD),"The Execu|Search Group, Prime Staffing",0,0,47000,85000,NY,41.0,0,0,0,1,0,0,0,0,0,0,0,0,0,0,0,0,Analyst,Other,Unknown,New York,Ny,500000.0,66000.0
836,Data Engineer,3.5,Alignment Healthcare,"Orange, CA","Orange, Ca",501 - 1000,2013,Company - Private,Health Care Services & Hospitals,Health Care,Unknown / Non-Applicable,Unknown,0,0,65000,124000,CA,8.0,1,1,1,1,1,0,0,0,0,0,1,0,0,0,0,0,Data Engineer,Other,M,Orange,Ca,500000.0,94500.0
837,Data Scientist,3.6,Tranzact,"Fort Lee, NJ","Fort Lee, Nj",1001 - 5000,1989,Company - Private,Advertising & Marketing,Business Services,Unknown / Non-Applicable,Unknown,0,0,87000,141000,NJ,32.0,1,0,1,1,1,0,0,0,0,0,1,1,1,0,0,0,Data Scientist,Other,Unknown,Fort Lee,Nj,500000.0,114000.0
838,Data Scientist,4.2,Execonline,"New York, NY","New York, Ny",51 - 200,2012,Company - Private,Education Training Services,Education,Unknown / Non-Applicable,"Harvard Business School, Coursera, edX",0,0,56000,95000,NY,9.0,1,0,1,0,1,0,0,0,0,0,1,1,0,0,0,0,Data Scientist,Other,Unknown,New York,Ny,500000.0,75500.0
839,Data Scientist,3.5,Charter Spectrum,"Maryland Heights, MO","North Salt Lake, Ut",Jan-50,1992,School / School District,K-12 Education,Education,$5 to $10 million (USD),Unknown,0,0,71000,121000,MO,29.0,0,0,0,1,1,0,0,0,0,0,1,0,0,0,0,0,Data Scientist,Other,P,Maryland Heights,Mo,500000.0,96000.0
840,Machine Learning Engineer,4.0,Mteq,"Fort Belvoir, VA","Lorton, Va",501 - 1000,1954,Company - Public,Aerospace & Defense,Aerospace & Defense,$100 to $500 million (USD),"Harris, Fibertek",0,0,62000,112000,VA,67.0,1,0,0,0,0,0,0,0,0,0,0,0,0,0,0,0,Machine Learning Engineer,Other,Unknown,Fort Belvoir,Va,500000.0,87000.0
841,Data Scientist,3.7,Brillient,"Silver Spring, MD","Reston, Va",201 - 500,2006,Company - Private,It Services,Information Technology,$25 to $50 million (USD),Unknown,0,0,64000,108000,MD,15.0,1,0,0,1,0,1,0,0,0,0,0,0,0,0,0,0,Data Scientist,Other,M,Silver Spring,Md,500000.0,86000.0
845,Senior Data Scientist,4.4,Entefy,"Palo Alto, CA","Palo Alto, Ca",Jan-50,2012,Company - Private,Internet,Information Technology,Unknown / Non-Applicable,Unknown,0,0,89000,144000,CA,9.0,1,0,0,0,1,0,0,0,0,0,0,0,0,0,0,0,Data Scientist,Sr,M,Palo Alto,Ca,500000.0,116500.0
848,Senior Scientist (Neuroscience),3.5,Sunovion,"Marlborough, MA","Marlborough, Ma",1001 - 5000,2010,Company - Private,Biotech & Pharmaceuticals,Biotech & Pharmaceuticals,$1 to $2 billion (USD),"Shire, GlaxoSmithKline, Allergan",0,0,109000,200000,MA,11.0,1,0,0,1,0,0,0,0,0,0,0,0,0,0,0,0,Other Scientist,Sr,P,Marlborough,Ma,500000.0,154500.0
851,Marketing Data Analyst,3.6,San Manuel Casino,"Highland, CA","Highland, Ca",1001 - 5000,1986,Company - Private,Gambling,"Arts, Entertainment & Recreation",$100 to $500 million (USD),Unknown,0,0,35000,62000,CA,35.0,0,0,0,1,1,1,0,0,0,0,0,1,0,0,0,1,Analyst,Other,M,Highland,Ca,500000.0,48500.0
852,Machine Learning Engineer - Regulatory,3.7,Cboe Global Markets,"Lenexa, KS","Chicago, Il",501 - 1000,1973,Company - Public,Stock Exchanges,Finance,$500 million to $1 billion (USD),Unknown,0,0,61000,113000,KS,48.0,1,0,0,1,1,0,0,0,0,0,1,0,0,0,0,0,Machine Learning Engineer,Other,Unknown,Lenexa,Ks,500000.0,87000.0
853,Data Engineer,3.4,Trace3,"Houston, TX","Irvine, Ca",501 - 1000,2002,Company - Private,It Services,Information Technology,$1 to $2 billion (USD),"World Wide Technology, Presidio, Optiv",0,0,55000,105000,TX,19.0,1,1,0,1,1,0,0,0,0,0,1,0,0,0,0,0,Data Engineer,Other,Unknown,Houston,Tx,500000.0,80000.0
854,Medical Laboratory Scientist,4.0,Texas Health Huguley Hospital,"Burleson, TX","Arlington, Tx",1001 - 5000,1977,Hospital,Health Care Services & Hospitals,Health Care,$50 to $100 million (USD),Unknown,1,0,37000,52000,TX,44.0,0,0,1,0,0,0,0,0,0,0,0,0,0,0,0,0,Other Scientist,Other,Unknown,Burleson,Tx,500000.0,44500.0
855,Principal Data Scientist,3.7,Northrop Grumman,"San Jose, CA","Falls Church, Va",10000+,1939,Company - Public,Aerospace & Defense,Aerospace & Defense,$10+ billion (USD),Unknown,0,0,135000,211000,CA,82.0,1,0,0,0,0,0,0,0,0,0,0,0,0,0,0,0,Data Scientist,Sr,M,San Jose,Ca,500000.0,173000.0
856,R&D Specialist/ Food Scientist,2.4,Teasdale Latin Foods,"Hoopeston, IL","Flower Mound, Tx",501 - 1000,1992,Company - Private,Food & Beverage Manufacturing,Manufacturing,$100 to $500 million (USD),Unknown,0,0,39000,66000,IL,29.0,0,0,0,0,0,0,0,0,0,0,0,0,0,0,0,0,Other Scientist,Other,Unknown,Hoopeston,Il,500000.0,52500.0
857,Data Engineer,3.5,Saama Technologies Inc,"Phoenix, AZ","Campbell, Ca",501 - 1000,1997,Company - Private,Biotech & Pharmaceuticals,Biotech & Pharmaceuticals,Unknown / Non-Applicable,"Accenture, Deloitte, IBM",0,0,57000,80000,AZ,24.0,1,1,0,0,0,0,0,0,0,0,0,0,0,0,0,0,Data Engineer,Other,Unknown,Phoenix,Az,500000.0,68500.0
858,"Associate Principal Scientist, Pharmacogenomics",3.9,Astrazeneca,"Gaithersburg, MD","Cambridge, United Kingdom",10000+,1913,Company - Public,Biotech & Pharmaceuticals,Biotech & Pharmaceuticals,$10+ billion (USD),"Roche, GlaxoSmithKline, Novartis",0,0,63000,127000,MD,108.0,0,0,0,0,0,0,0,0,0,0,0,0,0,0,0,0,Other Scientist,Sr,P,Gaithersburg,Md,500000.0,95000.0
859,Data Scientist - Systems Engineering,3.2,Mitre,"Bedford, MA","Bedford, Ma",5001 - 10000,1958,Nonprofit Organization,Federal Agencies,Government,$1 to $2 billion (USD),"Battelle, General Atomics, SAIC",0,0,50000,89000,MA,63.0,1,0,0,1,1,1,0,0,0,0,0,1,0,0,1,0,Data Scientist,Other,Unknown,Bedford,Ma,500000.0,69500.0
860,Senior Data Scientist,4.4,The David J. Joseph Company,"Cincinnati, OH","Cincinnati, Oh",201 - 500,1885,Subsidiary Or Business Segment,Metals Brokers,Mining & Metals,Unknown / Non-Applicable,Unknown,0,0,82000,132000,OH,136.0,1,0,1,0,1,0,0,0,0,0,0,1,1,0,0,0,Data Scientist,Sr,M,Cincinnati,Oh,500000.0,107000.0
861,Data Scientist Sr,3.9,The Buffalo Group,"Charlottesville, VA","Reston, Va",501 - 1000,2010,Company - Private,It Services,Information Technology,$100 to $500 million (USD),"ManTech, Booz Allen Hamilton, Leidos",0,0,85000,139000,VA,11.0,1,1,0,0,1,0,0,0,0,0,1,0,0,0,0,0,Data Scientist,Sr,M,Charlottesville,Va,500000.0,112000.0
863,Data Scientist,3.4,Compqsoft,"Washington, DC","Houston, Tx",51 - 200,1997,Company - Private,Consulting,Business Services,$10 to $25 million (USD),Unknown,0,0,72000,121000,DC,24.0,1,0,0,0,0,0,0,0,0,1,0,0,0,0,0,0,Data Scientist,Other,M,Washington,Dc,500000.0,96500.0
864,"Scientist, Bacteriology",2.1,Cerus Corporation,"Concord, CA","Concord, Ca",201 - 500,1992,Company - Public,Biotech & Pharmaceuticals,Biotech & Pharmaceuticals,$25 to $50 million (USD),Unknown,0,0,74000,149000,CA,29.0,0,0,0,1,0,0,0,0,0,0,0,0,0,0,0,0,Other Scientist,Other,P,Concord,Ca,500000.0,111500.0
866,"Associate Director, Platform And Devops- Data Engineering And Aritifical Intelligence",3.7,Takeda Pharmaceuticals,"Cambridge, MA","Osaka, Japan",10000+,1781,Company - Public,Biotech & Pharmaceuticals,Biotech & Pharmaceuticals,$10+ billion (USD),"Novartis, Baxter, Pfizer",0,0,113000,196000,MA,240.0,0,1,1,1,1,0,0,0,0,0,1,0,0,0,1,0,Data Engineer,Other,M,Cambridge,Ma,500000.0,154500.0
867,Data Scientist,3.4,"Remedy Bpci Partners, Llc.","New York, NY","Norwalk, Ct",201 - 500,2011,Company - Private,Health Care Services & Hospitals,Health Care,Unknown / Non-Applicable,"Healthfirst (New York), naviHealth",0,0,69000,121000,NY,10.0,1,1,1,0,1,0,0,0,0,0,0,1,0,0,0,0,Data Scientist,Other,Unknown,New York,Ny,500000.0,95000.0
868,Data Scientist,4.0,Strategic Financial Solutions,"New York, NY","New York, Ny",501 - 1000,2007,Company - Private,Consumer Product Rental,Consumer Services,Unknown / Non-Applicable,"National Debt Relief, Freedom Financial Network",0,0,71000,124000,NY,14.0,1,0,0,1,1,0,0,0,0,0,0,0,0,0,0,0,Data Scientist,Other,Unknown,New York,Ny,500000.0,97500.0
869,Senior Data Scientist,4.4,Maven Wave Partners,"Chicago, IL","Chicago, Il",201 - 500,2008,Company - Private,Consulting,Business Services,$50 to $100 million (USD),Unknown,0,0,97000,160000,IL,13.0,1,0,1,1,1,0,0,0,0,0,1,1,0,0,0,0,Data Scientist,Sr,Unknown,Chicago,Il,500000.0,128500.0
870,Senior Research Scientist-Machine Learning,2.6,Software Engineering Institute,"Pittsburgh, PA","Pittsburgh, Pa",501 - 1000,1984,College / University,Colleges & Universities,Education,Unknown / Non-Applicable,Unknown,0,0,81000,167000,PA,37.0,0,0,0,0,0,0,0,0,0,0,0,0,0,0,0,0,Machine Learning Engineer,Sr,P,Pittsburgh,Pa,500000.0,124000.0
871,Principal Data Scientist,3.2,The Climate Corporation,"San Francisco, CA","San Francisco, Ca",501 - 1000,2006,Subsidiary Or Business Segment,Enterprise Software & Network Solutions,Information Technology,Unknown / Non-Applicable,"Granular, Intuit, John Deere",0,0,150000,238000,CA,15.0,0,0,1,1,0,0,0,0,0,0,0,0,0,0,0,0,Data Scientist,Sr,Unknown,San Francisco,Ca,500000.0,194000.0
875,Clinical Laboratory Scientist,3.7,Vail Health,"Vail, CO","Vail, Co",501 - 1000,1966,Hospital,Health Care Services & Hospitals,Health Care,$100 to $500 million (USD),Unknown,1,0,49000,81000,CO,55.0,0,0,0,0,0,0,0,0,0,0,0,0,0,0,0,0,Other Scientist,Other,Unknown,Vail,Co,500000.0,65000.0
877,"Data Analyst 1, Full-Time Contract Worker For Up To 12 Months",4.2,The Church Of Jesus Christ Of Latter-Day Saints,"Salt Lake City, UT","Salt Lake City, Ut",10000+,1992,Nonprofit Organization,Religious Organizations,Non-Profit,Unknown / Non-Applicable,Unknown,0,0,35000,65000,UT,29.0,0,0,1,1,1,0,0,0,0,0,0,0,0,0,0,0,Analyst,Other,Unknown,Salt Lake City,Ut,500000.0,50000.0
878,Data Scientist,3.5,Crossix Solutions,"New York, NY","New York, Ny",201 - 500,2005,Company - Public,Advertising & Marketing,Business Services,Unknown / Non-Applicable,Unknown,0,0,77000,132000,NY,16.0,1,1,1,1,1,0,0,0,0,0,0,0,0,0,0,0,Data Scientist,Other,M,New York,Ny,500000.0,104500.0
879,Data Scientist,4.3,Solugenix Corporation,"Phoenix, AZ","Brea, Ca",201 - 500,1969,Company - Private,It Services,Information Technology,$50 to $100 million (USD),Unknown,0,0,51000,88000,AZ,52.0,1,0,0,1,1,1,0,0,1,0,0,0,0,0,0,0,Data Scientist,Other,Unknown,Phoenix,Az,500000.0,69500.0
880,Data Scientist,2.6,West Coast University,"Irvine, CA","Irvine, Ca",10000+,1997,Company - Private,Colleges & Universities,Education,Unknown / Non-Applicable,Unknown,0,0,101000,141000,CA,24.0,1,0,0,0,1,1,0,0,0,0,0,1,1,0,0,0,Data Scientist,Other,M,Irvine,Ca,500000.0,121000.0
881,Data Engineer - Consultant (Charlotte Based),4.2,Clarity Insights,"Charlotte, NC","Chicago, Il",201 - 500,2008,Company - Private,It Services,Information Technology,Unknown / Non-Applicable,Unknown,0,0,59000,112000,NC,13.0,1,0,0,1,1,0,0,0,0,0,1,0,0,0,0,0,Data Engineer,Other,Unknown,Charlotte,Nc,500000.0,85500.0
883,Data Engineer,3.1,Ncsoft,"Aliso Viejo, CA","Seoul, South Korea",1001 - 5000,1997,Company - Public,Video Games,Media,$10+ billion (USD),"Blizzard Entertainment, Riot Games, Electronic Arts",0,0,79000,147000,CA,24.0,1,1,1,1,1,0,0,0,0,0,0,0,0,0,1,0,Data Engineer,Other,Unknown,Aliso Viejo,Ca,500000.0,113000.0
884,Data Scientist (Warehouse Automation),3.8,Softbank Robotics,"San Francisco, CA","Paris, France",201 - 500,2005,Subsidiary Or Business Segment,Consumer Products Manufacturing,Manufacturing,$25 to $50 million (USD),Unknown,0,0,79000,127000,CA,16.0,1,0,1,0,1,0,0,0,0,0,0,1,1,0,0,0,Data Scientist,Other,M,San Francisco,Ca,500000.0,103000.0
886,"Scientist, Immuno-Oncology",3.9,Gsk,"Cambridge, MA","Brentford, United Kingdom",10000+,1830,Company - Public,Biotech & Pharmaceuticals,Biotech & Pharmaceuticals,$10+ billion (USD),"Pfizer, AstraZeneca, Merck",0,0,62000,119000,MA,191.0,0,0,1,0,0,0,0,0,0,0,0,0,0,0,0,0,Other Scientist,Other,M,Cambridge,Ma,500000.0,90500.0
887,Senior Data Scientist,4.3,Factual,"Los Angeles, CA","Los Angeles, Ca",51 - 200,2008,Company - Private,Computer Hardware & Software,Information Technology,Unknown / Non-Applicable,Foursquare,0,0,119000,187000,CA,13.0,1,1,0,1,0,0,0,0,0,0,0,0,0,0,0,0,Data Scientist,Sr,Unknown,Los Angeles,Ca,500000.0,153000.0
892,Jr. Data Scientist,3.2,Mitre,"McLean, VA","Bedford, Ma",5001 - 10000,1958,Nonprofit Organization,Federal Agencies,Government,$1 to $2 billion (USD),"Battelle, General Atomics, SAIC",0,0,81000,132000,VA,63.0,1,1,0,1,1,1,0,0,0,0,1,1,0,0,0,0,Data Scientist,Jr,Unknown,Mclean,Va,500000.0,106500.0
893,Senior Data Scientist,5.0,Skysync,"Ann Arbor, MI","Ann Arbor, Mi",51 - 200,2011,Company - Private,Computer Hardware & Software,Information Technology,Unknown / Non-Applicable,Unknown,0,1,120000,140000,MI,10.0,0,0,0,1,0,0,0,0,0,0,0,0,0,0,0,0,Data Scientist,Sr,M,Ann Arbor,Mi,500000.0,130000.0
895,Products Data Analyst Ii,3.3,Trinet,"Dublin, CA","Dublin, Ca",1001 - 5000,1988,Company - Public,Consulting,Business Services,$2 to $5 billion (USD),"Paychex, Insperity, ADP",0,0,90000,157000,CA,33.0,0,0,0,1,1,1,0,0,0,0,0,1,0,0,1,0,Analyst,Other,M,Dublin,Ca,500000.0,123500.0
896,Data Architect / Data Modeler,4.3,Medidata Solutions,"New York, NY","New York, Ny",1001 - 5000,1999,Company - Public,Enterprise Software & Network Solutions,Information Technology,$500 million to $1 billion (USD),Oracle,0,0,63000,110000,NY,22.0,0,0,1,1,1,0,0,0,0,0,0,0,0,0,0,0,Data Modeler,Other,M,New York,Ny,500000.0,86500.0
897,Analytics Manager - Data Mart,3.5,Central California Alliance For Health,"Scotts Valley, CA","Scotts Valley, Ca",501 - 1000,1996,Nonprofit Organization,Health Care Services & Hospitals,Health Care,$500 million to $1 billion (USD),Unknown,0,0,42000,86000,CA,25.0,0,0,0,0,1,0,0,0,0,0,0,1,0,0,0,0,Data Scientist Project Manager,Other,Unknown,Scotts Valley,Ca,500000.0,64000.0
898,Lead Data Analyst,3.9,Signpost,"New York, NY","New York, Ny",201 - 500,2010,Company - Private,Internet,Information Technology,$10 to $25 million (USD),Unknown,0,0,32000,62000,NY,11.0,0,1,0,0,1,0,0,0,0,0,0,0,0,0,0,0,Analyst,Sr,Unknown,New York,Ny,500000.0,47000.0
899,Data Science Engineer - Mobile,4.0,Adobe,"San Jose, CA","San Jose, Ca",10000+,1982,Company - Public,Computer Hardware & Software,Information Technology,$5 to $10 billion (USD),"Apple, Microsoft",0,0,116000,208000,CA,39.0,1,0,0,1,1,0,0,0,0,0,1,1,1,0,0,0,Data Scientist,Other,M,San Jose,Ca,500000.0,162000.0
900,Senior Data Scientist Oncology,3.9,Astrazeneca,"Gaithersburg, MD","Cambridge, United Kingdom",10000+,1913,Company - Public,Biotech & Pharmaceuticals,Biotech & Pharmaceuticals,$10+ billion (USD),"Roche, GlaxoSmithKline, Novartis",0,0,107000,173000,MD,108.0,1,0,0,1,0,0,0,0,0,0,0,0,0,0,0,0,Data Scientist,Sr,P,Gaithersburg,Md,500000.0,140000.0
901,Data Scientist,3.4,"Datamanusa, Llc","Olympia, WA","Centennial, Co",51 - 200,1992,Company - Private,It Services,Information Technology,$5 to $10 million (USD),Unknown,0,0,65000,113000,WA,29.0,0,0,0,0,0,0,0,0,0,0,0,0,0,0,0,0,Data Scientist,Other,Unknown,Olympia,Wa,500000.0,89000.0
902,Sr. Data Engineer - Contract-To-Hire (Java),3.0,Pilot Flying J Travel Centers Llc,"Knoxville, TN","Knoxville, Tn",10000+,1958,Company - Private,Gas Stations,Retail,$10+ billion (USD),"TravelCenters of America, Love's Travel Stops & Country Stores, Wawa",0,0,69000,127000,TN,63.0,1,0,0,0,1,0,0,0,0,0,0,0,0,0,0,0,Data Engineer,Sr,M,Knoxville,Tn,500000.0,98000.0
904,Senior Data Scientist - R&D Oncology,3.9,Astrazeneca,"New York, NY","Cambridge, United Kingdom",10000+,1913,Company - Public,Biotech & Pharmaceuticals,Biotech & Pharmaceuticals,$10+ billion (USD),"Roche, GlaxoSmithKline, Novartis",0,0,102000,172000,NY,108.0,1,0,0,0,0,0,0,0,0,0,0,0,0,0,0,0,Data Scientist,Sr,P,New York,Ny,500000.0,137000.0
907,Data Engineer,4.0,Pinnacol Assurance,"Denver, CO","Denver, Co",501 - 1000,1915,Nonprofit Organization,Insurance Carriers,Insurance,$500 million to $1 billion (USD),Unknown,0,0,74000,124000,CO,106.0,1,0,1,0,1,0,0,0,0,0,0,0,0,0,0,0,Data Engineer,Other,M,Denver,Co,500000.0,99000.0
909,Food Scientist - Developer,3.3,Palermo'S Pizza,"Milwaukee, WI","Milwaukee, Wi",501 - 1000,1964,Company - Private,Food & Beverage Manufacturing,Manufacturing,Unknown / Non-Applicable,Unknown,0,0,40000,68000,WI,57.0,0,0,0,0,0,0,0,0,0,0,0,0,0,0,0,0,Other Scientist,Other,Unknown,Milwaukee,Wi,500000.0,54000.0
910,Senior Data Engineer,3.2,Equian Llc,"Franklin, TN","Indianapolis, In",1001 - 5000,2004,Company - Private,Health Care Services & Hospitals,Health Care,Unknown / Non-Applicable,Unknown,0,0,76000,142000,TN,17.0,0,0,1,1,0,0,0,0,0,0,1,0,0,0,0,0,Data Engineer,Sr,Unknown,Franklin,Tn,500000.0,109000.0
911,Data Engineer,3.4,Metrostar Systems,"Rockville, MD","Reston, Va",201 - 500,1999,Company - Private,It Services,Information Technology,$25 to $50 million (USD),Unknown,0,0,76000,142000,MD,22.0,0,0,1,0,0,0,0,0,0,0,0,0,0,0,0,0,Data Engineer,Other,M,Rockville,Md,500000.0,109000.0
912,Senior Data Scientist,4.4,Mathworks,"Natick, MA","Natick, Ma",1001 - 5000,1984,Company - Private,Computer Hardware & Software,Information Technology,$1 to $2 billion (USD),Unknown,0,0,108000,171000,MA,37.0,1,0,0,0,1,0,0,0,0,0,0,1,1,0,0,0,Data Scientist,Sr,M,Natick,Ma,500000.0,139500.0
913,"Director Ii, Data Science - Grm Actuarial",3.3,Liberty Mutual Insurance,"Chicago, IL","Boston, Ma",10000+,1912,Company - Private,Insurance Carriers,Insurance,$10+ billion (USD),"Travelers, Allstate, State Farm",0,0,202000,306000,IL,109.0,1,0,0,0,0,1,0,0,0,0,0,0,0,0,0,0,Data Scientist,Other,M,Chicago,Il,500000.0,254000.0
914,Machine Learning Engineer,3.2,Information Builders,"New York, NY","New York, Ny",1001 - 5000,1975,Company - Private,Computer Hardware & Software,Information Technology,Unknown / Non-Applicable,"Qlik, Tableau Software, Informatica",0,0,91000,159000,NY,46.0,1,0,1,1,1,0,0,1,0,1,0,0,0,0,0,0,Machine Learning Engineer,Other,M,New York,Ny,500000.0,125000.0
916,"Sr Expert Data Science, Advanced Visual Analytics (Associate Level)",3.8,Novartis,"Cambridge, MA","Basel, Switzerland",10000+,1996,Company - Public,Biotech & Pharmaceuticals,Biotech & Pharmaceuticals,$10+ billion (USD),Unknown,0,0,80000,133000,MA,25.0,1,0,0,0,1,1,0,0,0,0,0,1,1,0,0,0,Data Scientist,Sr,M,Cambridge,Ma,500000.0,106500.0
919,Med Tech/Lab Scientist- South Coastal Lab,3.6,Beebe Healthcare,"Millville, DE","Lewes, De",1001 - 5000,1935,Nonprofit Organization,Health Care Services & Hospitals,Health Care,$100 to $500 million (USD),Unknown,1,0,43000,70000,DE,86.0,0,0,0,0,0,0,0,0,0,0,0,0,0,0,0,0,Other Scientist,Other,Unknown,Millville,De,500000.0,56500.0
920,"Scientist, Molecular/Cellular Biologist",2.9,Audentes Therapeutics,"South San Francisco, CA","San Francisco, Ca",201 - 500,2012,Subsidiary Or Business Segment,Biotech & Pharmaceuticals,Biotech & Pharmaceuticals,Unknown / Non-Applicable,"BioMarin Pharmaceutical, Sangamo Therapeutics, bluebird bio",0,0,49000,97000,CA,9.0,0,0,0,0,0,0,0,0,0,0,0,0,0,0,0,0,Other Scientist,Other,P,South San Francisco,Ca,500000.0,73000.0
921,Staff Scientist-Downstream Process Development,2.7,Advanced Bioscience Laboratories,"Rockville, MD","Rockville, Md",201 - 500,1961,Company - Private,Biotech & Pharmaceuticals,Biotech & Pharmaceuticals,$25 to $50 million (USD),Unknown,0,0,49000,113000,MD,60.0,0,0,0,1,0,0,0,0,0,0,0,0,0,0,0,0,Other Scientist,Other,P,Rockville,Md,500000.0,81000.0
924,Data Scientist,3.2,"Numeric, Llc","Philadelphia, PA","Chadds Ford, Pa",Jan-50,1992,Company - Private,Staffing & Outsourcing,Business Services,$5 to $10 million (USD),Unknown,0,0,96000,161000,PA,29.0,1,1,1,0,1,0,0,0,0,0,1,0,0,0,0,0,Data Scientist,Other,Unknown,Philadelphia,Pa,500000.0,128500.0
926,Scientist - Analytical Services,3.1,Reynolds American,"Winston-Salem, NC","Winston-Salem, Nc",5001 - 10000,1875,Company - Private,Consumer Products Manufacturing,Manufacturing,$10+ billion (USD),Unknown,0,0,65000,134000,NC,146.0,0,0,0,1,0,0,0,0,0,0,0,0,0,0,0,0,Other Scientist,Other,Unknown,Winston-Salem,Nc,500000.0,99500.0
928,"Associate Scientist / Sr. Associate Scientist, Antibody Discovery",4.0,23Andme,"South San Francisco, CA","Sunnyvale, Ca",501 - 1000,2006,Company - Private,Biotech & Pharmaceuticals,Biotech & Pharmaceuticals,Unknown / Non-Applicable,"Ancestry, Verily Life Sciences, Abbott Laboratories",0,0,59000,125000,CA,15.0,0,0,1,1,0,0,0,0,0,0,0,0,0,0,0,0,Other Scientist,Sr,M,South San Francisco,Ca,500000.0,92000.0
929,Associate Data Analyst- Graduate Development Program,3.3,National Interstate,"Richfield, OH","Richfield, Oh",501 - 1000,1989,Company - Private,Insurance Carriers,Insurance,$500 million to $1 billion (USD),Unknown,0,0,32000,59000,OH,32.0,0,0,0,0,0,0,0,0,0,0,0,0,0,0,0,0,Analyst,Other,Unknown,Richfield,Oh,500000.0,45500.0
930,Sr. Data Engineer,4.5,Moser Consulting,"Indianapolis, IN","Indianapolis, In",51 - 200,1996,Company - Private,Consulting,Business Services,$25 to $50 million (USD),Unknown,0,0,87000,158000,IN,25.0,1,1,1,0,1,0,0,0,0,0,1,0,0,0,1,0,Data Engineer,Sr,Unknown,Indianapolis,In,500000.0,122500.0
931,Clinical Data Analyst,3.0,Greenway Health,"Tampa, FL","Tampa, Fl",1001 - 5000,1977,Subsidiary Or Business Segment,Enterprise Software & Network Solutions,Information Technology,$100 to $500 million (USD),"eClinicalWorks, NextGen Healthcare, athenahealth",0,0,27000,48000,FL,44.0,0,0,0,1,1,0,0,0,0,0,0,0,0,0,0,0,Analyst,Other,M,Tampa,Fl,500000.0,37500.0
932,It Associate Data Analyst,3.7,The Hanover Insurance Group,"Worcester, MA","Worcester, Ma",5001 - 10000,1852,Company - Public,Insurance Carriers,Insurance,$5 to $10 billion (USD),Unknown,0,0,39000,69000,MA,169.0,0,0,0,0,1,0,0,0,0,0,0,0,0,0,0,0,Analyst,Other,Unknown,Worcester,Ma,500000.0,54000.0
933,Business Data Analyst,3.8,Fareportal,"New York, NY","New York, Ny",1001 - 5000,2002,Company - Private,Travel Agencies,Travel & Tourism,$2 to $5 billion (USD),"Expedia Group, Orbitz Worldwide, Priceline.com",0,0,36000,71000,NY,19.0,1,0,0,1,1,0,0,0,0,0,0,0,1,0,0,1,Analyst,Other,M,New York,Ny,500000.0,53500.0
934,Senior Insurance Data Scientist,3.9,Transunion,"Chicago, IL","Chicago, Il",5001 - 10000,1968,Company - Public,Financial Analytics & Research,Finance,$1 to $2 billion (USD),Unknown,0,0,107000,173000,IL,53.0,1,0,0,1,1,1,0,0,0,0,0,0,0,0,0,0,Data Scientist,Sr,Unknown,Chicago,Il,500000.0,140000.0
935,Senior Data Science Systems Engineer,3.2,Mitre,"Hampton, VA","Bedford, Ma",5001 - 10000,1958,Nonprofit Organization,Federal Agencies,Government,$1 to $2 billion (USD),"Battelle, General Atomics, SAIC",0,0,56000,99000,VA,63.0,0,0,0,0,0,0,0,0,0,0,0,0,0,0,0,0,Data Scientist,Sr,P,Hampton,Va,500000.0,77500.0
936,Environmental Engineer/Scientist,3.3,Mcphail Associates,"Cambridge, MA","Cambridge, Ma",Jan-50,1976,Company - Private,Construction,"Construction, Repair & Maintenance",Unknown / Non-Applicable,Unknown,1,1,52000,58000,MA,45.0,0,0,0,1,0,0,0,0,0,0,0,0,0,0,0,0,Other Scientist,Other,Unknown,Cambridge,Ma,500000.0,55000.0
938,Senior Scientist - Regulatory Submissions,3.1,Reynolds American,"Winston-Salem, NC","Winston-Salem, Nc",5001 - 10000,1875,Company - Private,Consumer Products Manufacturing,Manufacturing,$10+ billion (USD),Unknown,0,0,80000,155000,NC,146.0,0,0,0,1,0,0,0,0,0,0,0,0,0,0,0,0,Other Scientist,Sr,M,Winston-Salem,Nc,500000.0,117500.0
939,Scientist - Biomarker And Flow Cytometry,2.4,Crown Bioscience,"San Diego, CA","San Diego, Ca",501 - 1000,2006,Company - Private,Biotech & Pharmaceuticals,Biotech & Pharmaceuticals,$50 to $100 million (USD),Unknown,0,0,43000,98000,CA,15.0,0,0,0,0,0,0,0,0,0,0,0,0,0,0,0,0,Other Scientist,Other,M,San Diego,Ca,500000.0,70500.0
940,Revenue Analytics Manager,4.8,Hover,"San Francisco, CA","San Francisco, Ca",51 - 200,2011,Company - Private,Computer Hardware & Software,Information Technology,$25 to $50 million (USD),Unknown,0,0,45000,78000,CA,10.0,0,0,0,1,1,0,0,0,0,0,0,1,0,0,0,0,Data Scientist Project Manager,Other,Unknown,San Francisco,Ca,500000.0,61500.0
941,Sr. Scientist Method Development,2.9,Q2 Solutions,"Marietta, GA","Morrisville, Nc",1001 - 5000,2015,Company - Private,Biotech & Pharmaceuticals,Biotech & Pharmaceuticals,Unknown / Non-Applicable,Unknown,0,0,50000,110000,GA,6.0,0,0,0,1,0,0,0,0,0,0,0,0,0,0,0,0,Other Scientist,Sr,Unknown,Marietta,Ga,500000.0,80000.0
942,"Associate Scientist, Lc/Ms Biologics",2.9,Q2 Solutions,"Ithaca, NY","Morrisville, Nc",1001 - 5000,2015,Company - Private,Biotech & Pharmaceuticals,Biotech & Pharmaceuticals,Unknown / Non-Applicable,Unknown,0,0,44000,96000,NY,6.0,0,0,0,1,0,0,0,0,0,0,0,0,0,0,0,0,Other Scientist,Other,Unknown,Ithaca,Ny,500000.0,70000.0
943,"Research Scientist, Immunology - Cancer Biology",3.7,Kronos Bio,"Cambridge, MA","San Mateo, Ca",Unknown,1992,Company - Private,Unknown,Unknown,Unknown / Non-Applicable,Unknown,0,1,100000,140000,MA,29.0,0,0,0,1,0,0,0,0,0,0,0,0,0,0,0,0,Other Scientist,Other,P,Cambridge,Ma,500000.0,120000.0
944,It - Data Engineer Ii,3.4,Arbella Insurance,"Quincy, MA","Quincy, Ma",1001 - 5000,1988,Company - Private,Insurance Carriers,Insurance,$100 to $500 million (USD),Unknown,0,0,61000,119000,MA,33.0,0,1,0,1,1,0,0,0,0,0,1,0,0,0,0,0,Data Engineer,Other,Unknown,Quincy,Ma,500000.0,90000.0
945,Machine Learning Engineer (Nlp),4.1,Ck-12 Foundation,"Palo Alto, CA","Palo Alto, Ca",Jan-50,2007,Company - Private,K-12 Education,Education,Unknown / Non-Applicable,Unknown,0,0,80000,142000,CA,14.0,1,0,1,1,0,0,0,1,0,1,0,0,0,0,0,0,Machine Learning Engineer,Other,Unknown,Palo Alto,Ca,500000.0,111000.0
946,Senior Data Analyst,3.9,Life360,"San Francisco, CA","San Francisco, Ca",51 - 200,2008,Company - Public,Computer Hardware & Software,Information Technology,Unknown / Non-Applicable,Unknown,0,0,99000,178000,CA,13.0,1,0,0,0,1,0,0,0,0,0,0,1,0,0,0,0,Analyst,Sr,Unknown,San Francisco,Ca,500000.0,138500.0
947,Data Science Project Manager,3.6,Massmutual,"Boston, MA","Springfield, Ma",5001 - 10000,1851,Company - Private,Insurance Carriers,Insurance,$10+ billion (USD),Unknown,0,0,37000,100000,MA,170.0,0,0,0,1,0,0,0,0,0,0,0,0,0,0,0,0,Data Scientist,Other,M,Boston,Ma,500000.0,68500.0
948,Data Engineer,3.9,Fivestars,"San Francisco, CA","San Francisco, Ca",201 - 500,2011,Company - Private,Internet,Information Technology,$100 to $500 million (USD),"Belly, SpotOn",0,0,62000,113000,CA,10.0,1,0,1,1,1,0,0,0,0,0,0,0,0,0,0,0,Data Engineer,Other,P,San Francisco,Ca,500000.0,87500.0
949,"Principal, Data Science - Advanced Analytics",3.6,Iqvia,"Plymouth Meeting, PA","Durham, Nc",10000+,2017,Company - Public,Biotech & Pharmaceuticals,Biotech & Pharmaceuticals,$2 to $5 billion (USD),"PPD, INC Research, PRA Health Sciences",0,0,86000,137000,PA,4.0,0,0,0,0,0,0,0,0,0,0,0,0,0,0,0,0,Data Scientist,Sr,M,Plymouth Meeting,Pa,500000.0,111500.0
950,"Sr Scientist, Immuno-Oncology - Oncology",3.9,Gsk,"Cambridge, MA","Brentford, United Kingdom",10000+,1830,Company - Public,Biotech & Pharmaceuticals,Biotech & Pharmaceuticals,$10+ billion (USD),"Pfizer, AstraZeneca, Merck",0,0,58000,111000,MA,191.0,0,0,1,0,0,0,0,0,0,0,0,0,0,0,0,0,Other Scientist,Sr,M,Cambridge,Ma,500000.0,84500.0
951,Senior Data Engineer,4.4,Eventbrite,"Nashville, TN","San Francisco, Ca",1001 - 5000,2006,Company - Public,Internet,Information Technology,$100 to $500 million (USD),"See Tickets, TicketWeb, Vendini",0,0,72000,133000,TN,15.0,1,1,1,0,1,0,0,0,0,0,1,0,0,0,0,0,Data Engineer,Sr,Unknown,Nashville,Tn,500000.0,102500.0
952,"Project Scientist - Auton Lab, Robotics Institute",2.6,Software Engineering Institute,"Pittsburgh, PA","Pittsburgh, Pa",501 - 1000,1984,College / University,Colleges & Universities,Education,Unknown / Non-Applicable,Unknown,0,0,56000,91000,PA,37.0,0,0,0,1,0,0,0,0,0,0,0,0,0,0,0,0,Other Scientist,Other,P,Pittsburgh,Pa,500000.0,73500.0
953,Data Science Manager,3.2,"Numeric, Llc","Allentown, PA","Chadds Ford, Pa",Jan-50,1992,Company - Private,Staffing & Outsourcing,Business Services,$5 to $10 million (USD),Unknown,0,0,95000,160000,PA,29.0,0,0,0,1,0,0,0,0,0,0,0,0,0,0,0,0,Data Scientist,Other,Unknown,Allentown,Pa,500000.0,127500.0
955,Research Scientist – Security And Privacy,3.6,Riverside Research Institute,"Beavercreek, OH","Arlington, Va",501 - 1000,1967,Nonprofit Organization,Federal Agencies,Government,$50 to $100 million (USD),Unknown,0,0,61000,126000,OH,54.0,1,0,0,0,0,0,0,0,0,0,0,0,0,0,0,0,Other Scientist,Other,M,Beavercreek,Oh,500000.0,93500.0
